Date,ko_Open,ko_High,ko_Low,ko_Close,pep_Open,pep_High,pep_Low,pep_Close,,,,
1/3/2017,41.5,41.81,41.28,41.8,104.94,105.09,104.21,104.65,,,,
1/4/2017,41.88,41.97,41.59,41.65,105.11,105.63,104.79,104.85,,,,
1/5/2017,41.66,41.86,41.525,41.75,104.52,105.12,104.1901,104.71,,,,
1/6/2017,41.7,41.81,41.54,41.74,104.98,105.16,104.12,104.56,,,,
1/9/2017,41.23,41.58,41.21,41.32,104.16,104.255,103.25,103.46,,,,
1/10/2017,41.44,41.44,40.86,41.04,103.32,103.32,101.75,101.97,,,,
1/11/2017,40.85,41.12,40.83,41.05,101.84,102.36,101.41,101.81,,,,
1/12/2017,41.01,41.04,40.8,40.95,101.71,102.52,101.58,101.84,,,,
1/13/2017,41,41.04,40.69,40.88,101.88,102.11,101.22,101.55,,,,
1/17/2017,40.84,41.3,40.8,41.22,101.07,102.32,101.06,102.19,,,,
1/18/2017,41.25,41.379,41.14,41.29,102.4,103,102.32,102.74,,,,
1/19/2017,41.14,41.29,41.03,41.14,102.28,103,102.17,102.36,,,,
1/20/2017,41.27,41.44,41.13,41.32,102.79,103.32,102.4401,103.24,,,,
1/23/2017,41.31,41.5,41.21,41.43,102.9,104.22,102.83,104.01,,,,
1/24/2017,41.47,41.97,41.47,41.9,104,104.93,103.78,104.71,,,,
1/25/2017,41.94,42.25,41.9,42.12,104.71,105.19,104.54,104.61,,,,
1/26/2017,42.03,42.11,41.79,41.81,104.51,104.73,104.07,104.14,,,,
1/27/2017,41.91,41.95,41.42,41.45,104.38,104.41,103.43,103.48,,,,
1/30/2017,41.3,41.48,41.205,41.38,103.01,103.72,103,103.69,,,,
1/31/2017,41.39,41.685,41.36,41.57,103.21,104.17,103.21,103.78,,,,
2/1/2017,41.52,41.66,41.25,41.26,103.61,103.78,102.98,103.01,,,,
2/2/2017,41.41,41.49,41.25,41.4,103.76,104.39,103.29,104.03,,,,
2/3/2017,41.58,41.79,41.455,41.54,104.44,105.765,104.06,105.11,,,,
2/6/2017,41.53,41.67,41.4,41.56,105.1,105.24,104.53,104.57,,,,
2/7/2017,41.7,41.98,41.67,41.9,104.63,105.9,104.63,105.61,,,,
2/8/2017,41.91,42.15,41.84,42.02,105.5,106.23,105.25,105.69,,,,
2/9/2017,41.52,41.68,40.72,41.25,105.42,106.49,105.02,105.97,,,,
2/10/2017,41.02,41.2,40.55,40.58,105.83,106.345,105.5868,106.1,,,,
2/13/2017,40.77,40.83,40.5,40.62,106.5,106.69,105.88,106.52,,,,
2/14/2017,40.38,40.6,40.22,40.53,106.17,107,105.67,106.92,,,,
2/15/2017,40.42,40.63,40.395,40.44,105.35,107.25,104.77,106.73,,,,
2/16/2017,40.55,41.28,40.5,41.2,107.15,108.18,106.32,108.12,,,,
2/17/2017,41.13,41.36,41.05,41.23,107.29,108.3,107.21,108.15,,,,
2/21/2017,41.2,41.5,41.2,41.46,108.07,109.5,107.95,109.36,,,,
2/22/2017,41.51,41.68,41.4,41.6,109.37,109.78,109.165,109.41,,,,
2/23/2017,41.68,42,41.62,41.66,109.12,110,109.12,109.54,,,,
2/24/2017,41.7,41.91,41.6,41.78,109.5,109.92,109.33,109.83,,,,
2/27/2017,41.75,41.75,41.585,41.67,109.69,109.88,109.23,109.27,,,,
2/28/2017,41.68,42.07,41.64,41.96,109.05,110.6,109.05,110.38,,,,
3/1/2017,42.01,42.35,41.88,42.16,109.6,110.32,109.17,109.73,,,,
3/2/2017,42.08,42.56,42.07,42.47,109.81,110.32,109.43,110.11,,,,
3/3/2017,42.44,42.49,42.25,42.48,110.1,110.67,109.65,110.56,,,,
3/6/2017,42.34,42.43,42.12,42.18,109.8,110.19,109.43,109.63,,,,
3/7/2017,42,42.24,41.95,41.99,109.16,109.77,109,109.32,,,,
3/8/2017,42,42.025,41.74,41.99,109.17,109.33,108.47,109.3,,,,
3/9/2017,42.09,42.11,41.92,42.03,109.6,109.61,108.91,109.02,,,,
3/10/2017,42.23,42.4,42.15,42.29,109.58,109.71,109.28,109.59,,,,
3/13/2017,41.92,42.12,41.84,42.03,109.32,109.7951,109.03,109.41,,,,
3/14/2017,41.98,42.1,41.83,41.97,109.28,109.73,109.12,109.34,,,,
3/15/2017,41.98,42.275,41.97,42.12,109.56,111.23,109.5,111.11,,,,
3/16/2017,42.03,42.39,41.9,42.25,111.09,111.2,110.53,111.14,,,,
3/17/2017,42.28,42.35,42.01,42.03,111.479,111.52,110.93,111.39,,,,
3/20/2017,42.1,42.34,42.0701,42.18,111.15,111.44,110.81,111.15,,,,
3/21/2017,42.31,42.63,42.21,42.5,111.54,112.31,111.47,111.77,,,,
3/22/2017,42.56,42.7,42.25,42.38,112.31,112.38,111.57,112.02,,,,
3/23/2017,42.21,42.39,42.06,42.17,111.95,112.33,111.67,111.78,,,,
3/24/2017,42.23,42.25,41.91,42.12,111.98,112.245,111.79,112.12,,,,
3/27/2017,42.11,42.34,42.05,42.32,111.87,112.29,111.57,111.83,,,,
3/28/2017,42.24,42.56,42.24,42.43,111.81,112.76,111.64,112.45,,,,
3/29/2017,42.51,42.525,42.29,42.42,112.06,112.535,111.97,112.43,,,,
3/30/2017,42.35,42.6155,42.26,42.6,112.29,112.55,112,112.18,,,,
3/31/2017,42.55,42.65,42.43,42.44,112.31,112.47,111.83,111.86,,,,
4/3/2017,42.58,42.625,42.27,42.41,111.95,112.36,111.4599,111.86,,,,
4/4/2017,42.51,42.69,42.37,42.68,111.99,112.22,111.63,112.08,,,,
4/5/2017,42.65,42.855,42.53,42.57,112.04,112.59,111.69,111.94,,,,
4/6/2017,42.58,42.76,42.47,42.67,112.12,112.28,111.42,111.58,,,,
4/7/2017,42.64,42.74,42.51,42.61,111.7,111.96,111.4409,111.61,,,,
4/10/2017,42.73,42.8,42.5566,42.69,111.7,112.145,111.4101,112.02,,,,
4/11/2017,42.68,42.75,42.515,42.66,111.71,112.08,111.35,111.73,,,,
4/12/2017,42.54,42.99,42.51,42.94,112.05,113.765,111.9,113.61,,,,
4/13/2017,42.87,43.08,42.78,42.79,113.25,113.38,112.65,112.68,,,,
4/17/2017,42.79,43.07,42.78,43.07,112.74,113.32,112.68,113.32,,,,
4/18/2017,43.11,43.59,43.09,43.48,113.44,114.605,113.4047,114.28,,,,
4/19/2017,43.74,43.79,43.19,43.23,114.42,114.49,113.48,113.62,,,,
4/20/2017,43.2,43.3,43.05,43.09,113.52,113.97,113.39,113.59,,,,
4/21/2017,42.98,43.1,42.89,43.07,113.55,113.8,113.27,113.43,,,,
4/24/2017,43.24,43.43,43.15,43.28,114.36,114.48,113.91,114.32,,,,
4/25/2017,42.85,43.43,42.82,43.11,114.21,114.57,114,114.16,,,,
4/26/2017,43.06,43.43,42.98,43.24,111.75,113.76,111.34,113.33,,,,
4/27/2017,43.17,43.28,42.92,43.01,113.1,113.44,112.51,112.64,,,,
4/28/2017,42.96,43.2,42.85,43.15,112.34,113.43,112.1908,113.28,,,,
5/1/2017,43.15,43.5,43.1,43.22,112.93,113.11,112.27,112.28,,,,
5/2/2017,43.22,43.44,43.16,43.39,112.75,112.89,112.07,112.29,,,,
5/3/2017,43.33,43.485,43.15,43.32,112.39,112.71,111.7023,111.79,,,,
5/4/2017,43.42,43.81,43.4,43.66,112.17,113,111.81,112.96,,,,
5/5/2017,43.79,43.84,43.56,43.69,113.04,113.28,112.7375,113.22,,,,
5/8/2017,43.59,43.91,43.54,43.89,113.2,113.43,112.78,113.22,,,,
5/9/2017,43.89,43.89,43.38,43.51,113.24,113.41,112.55,112.72,,,,
5/10/2017,43.48,43.62,43.36,43.57,112.7,112.87,112.48,112.84,,,,
5/11/2017,43.49,43.68,43.43,43.67,112.64,113.09,112.53,113.04,,,,
5/12/2017,43.64,43.68,43.455,43.59,112.93,113.3,112.72,112.91,,,,
5/15/2017,43.46,43.76,43.46,43.73,112.9,114,112.77,113.94,,,,
5/16/2017,43.87,44.11,43.77,43.85,114.06,114.66,113.59,113.79,,,,
5/17/2017,43.81,44.165,43.71,43.93,113.46,114.29,113.32,113.74,,,,
5/18/2017,43.87,43.96,43.64,43.8,113.78,114.28,113.288,114.03,,,,
5/19/2017,43.85,44,43.76,43.9,114.17,114.5,113.455,113.69,,,,
5/22/2017,43.89,44.22,43.81,44.18,113.69,115,113.69,114.7,,,,
5/23/2017,44.25,44.6,44.21,44.39,114.71,115.44,114.71,115.05,,,,
5/24/2017,44.51,45.09,44.51,45.03,115.31,116.33,115.12,116.06,,,,
5/25/2017,45,45.48,44.97,45.41,116.36,117.68,116.15,117.53,,,,
5/26/2017,45.35,45.56,45.33,45.39,117.25,118.0045,117.2,117.91,,,,
5/30/2017,45.16,45.46,45.11,45.43,117.74,118.12,117.5,118.01,,,,
5/31/2017,45.43,45.7,45.37,45.47,116.91,117.94,116.87,116.87,,,,
6/1/2017,45.45,45.79,45.2332,45.79,116.8,117.26,116.06,117.23,,,,
6/2/2017,45.83,45.89,45.605,45.89,117.46,117.7,117.04,117.67,,,,
6/5/2017,45.78,45.99,45.69,45.99,117.39,117.97,117.05,117.88,,,,
6/6/2017,45.9,46.06,45.78,45.98,117.78,117.94,117.46,117.7,,,,
6/7/2017,45.5,45.7,45.35,45.51,117.17,117.57,116.82,117.05,,,,
6/8/2017,45.39,45.51,45.03,45.13,116.86,117.08,115.59,115.89,,,,
6/9/2017,45.06,45.35,44.97,45.32,115.66,116.13,115.36,115.94,,,,
6/12/2017,45.35,45.48,45.15,45.33,116.23,116.62,115.92,116.23,,,,
6/13/2017,45,45.11,44.8,45.03,115.47,116.59,115.47,116.32,,,,
6/14/2017,45.18,45.47,45.16,45.3,116.91,118.06,116.83,117.37,,,,
6/15/2017,45.18,45.34,45.04,45.25,117,117.48,116.51,117.21,,,,
6/16/2017,45.31,45.35,45.01,45.31,117.369,117.4,116.3,116.86,,,,
6/19/2017,45.35,45.38,45.1,45.38,117.02,117.29,116.23,117.29,,,,
6/20/2017,45.35,45.865,45.32,45.61,117.29,118.1353,117.18,117.95,,,,
6/21/2017,45.62,45.68,45.165,45.22,117.78,118.24,117.24,117.42,,,,
6/22/2017,45.17,45.28,45.03,45.07,117.33,117.41,116.05,116.15,,,,
6/23/2017,45.05,45.38,45.03,45.25,116.21,117.37,116.09,116.96,,,,
6/26/2017,45.32,45.51,45.3,45.43,117.42,117.83,117.06,117.12,,,,
6/27/2017,45.34,45.395,45,45.05,117.24,117.38,115.94,115.94,,,,
6/28/2017,45.25,45.5,45.23,45.32,116.52,116.87,116.2,116.38,,,,
6/29/2017,45.13,45.24,44.65,44.83,116.07,116.2,114.8901,115.18,,,,
6/30/2017,44.89,45.12,44.85,44.85,115.53,116.1134,115.3,115.49,,,,
7/3/2017,45.11,45.27,44.76,44.76,115.55,116,115.34,115.44,,,,
7/5/2017,44.79,44.99,44.73,44.82,115.5,115.55,114.88,115.3,,,,
7/6/2017,44.72,44.85,44.29,44.4,114.97,115.42,114.85,115.13,,,,
7/7/2017,44.47,44.52,44.24,44.39,115.41,115.6599,114.83,115.51,,,,
7/10/2017,44.45,44.575,44.23,44.38,115.92,116,114.2,114.27,,,,
7/11/2017,44.32,44.48,44.15,44.33,113.34,113.98,112.25,113.74,,,,
7/12/2017,44.59,44.77,44.44,44.51,114.49,114.98,114.28,114.77,,,,
7/13/2017,44.49,44.525,44.37,44.43,114.95,115.04,113.92,114.02,,,,
7/14/2017,44.52,44.72,44.495,44.68,114.26,115.115,114.25,114.93,,,,
7/17/2017,44.66,44.785,44.61,44.73,114.94,115.16,114.8383,114.93,,,,
7/18/2017,44.78,44.85,44.615,44.67,114.85,115.15,114.39,115.01,,,,
7/19/2017,44.67,44.84,44.545,44.83,115.01,115.35,114.63,115.34,,,,
7/20/2017,44.9,44.98,44.75,44.82,115.34,116.055,115.11,115.51,,,,
7/21/2017,44.78,45.07,44.67,45.03,115.78,116.67,115.38,116.63,,,,
7/24/2017,45.04,45.045,44.83,44.84,116.5,116.67,116.09,116.13,,,,
7/25/2017,45.02,45.29,44.935,45.24,116.63,116.78,116.14,116.45,,,,
7/26/2017,44.55,45.79,44.31,45.74,116.3,117.42,116.15,117.19,,,,
7/27/2017,45.8,46.425,45.7,46.12,117.33,118.06,116.62,117.34,,,,
7/28/2017,46,46.12,45.73,46.01,117.31,117.47,116.2,116.61,,,,
7/31/2017,46,46.0762,45.79,45.84,116.53,116.86,116.18,116.61,,,,
8/1/2017,45.97,46.06,45.645,45.7,116.69,116.78,115.9,115.92,,,,
8/2/2017,45.6,46,45.38,45.59,115.73,115.979,115.14,115.61,,,,
8/3/2017,45.65,45.95,45.63,45.67,115.73,116.66,115.68,116.3,,,,
8/4/2017,45.67,45.76,45.47,45.5,116.32,116.49,115.865,116.37,,,,
8/7/2017,45.52,45.76,45.5,45.64,116.45,117.22,116.38,116.96,,,,
8/8/2017,45.64,45.82,45.545,45.6,116.8,116.95,116.37,116.71,,,,
8/9/2017,45.56,45.6611,45.325,45.59,116.49,116.7,115.96,116.63,,,,
8/10/2017,45.56,45.84,45.46,45.74,116.35,116.84,116.08,116.38,,,,
8/11/2017,45.86,45.9,45.57,45.59,116.75,117.25,116.35,116.51,,,,
8/14/2017,45.67,45.94,45.62,45.8,117.36,118.18,117.014,117.84,,,,
8/15/2017,45.8,46.25,45.8,46.19,117.88,119.15,117.85,118.97,,,,
8/16/2017,46.15,46.34,46.12,46.2,118.96,119.3645,118.82,119.1,,,,
8/17/2017,46.12,46.33,45.85,45.86,119,119.39,118.25,118.39,,,,
8/18/2017,45.8,45.9,45.63,45.67,118.29,118.43,117.4,117.6,,,,
8/21/2017,45.67,45.8,45.5601,45.68,117.8,118.46,117.545,118.26,,,,
8/22/2017,45.7,45.75,45.54,45.6,118.25,118.7,117.65,117.92,,,,
8/23/2017,45.63,45.66,45.44,45.54,117.9,118.12,117.23,117.29,,,,
8/24/2017,45.54,45.61,45.31,45.41,117.26,117.3,116.03,116.22,,,,
8/25/2017,45.6,45.76,45.56,45.57,116.74,116.9,115.8,115.85,,,,
8/28/2017,45.63,45.69,45.38,45.42,116.12,116.29,115.08,115.54,,,,
8/29/2017,45.4,45.57,45.25,45.45,115.55,116.1,115.51,115.84,,,,
8/30/2017,45.36,45.54,45.29,45.39,115.13,115.42,114.91,115.15,,,,
8/31/2017,45.4,45.65,45.34,45.55,115.24,115.84,114.93,115.73,,,,
9/1/2017,45.64,45.8,45.54,45.78,115.38,116.0925,115.15,115.84,,,,
9/5/2017,45.75,45.93,45.65,45.92,115.95,116.06,115.41,115.87,,,,
9/6/2017,45.98,46.04,45.79,45.96,116.17,116.47,115.64,116.35,,,,
9/7/2017,46.01,46.32,45.96,46.28,116.65,117.29,116.39,116.99,,,,
9/8/2017,46.19,46.37,46.02,46.3,116.4,116.48,114.57,115.04,,,,
9/11/2017,46.35,46.59,46.22,46.52,115.08,115.89,114.76,115.69,,,,
9/12/2017,46.5,46.75,46.45,46.72,115.69,115.95,114.86,115,,,,
9/13/2017,46.68,46.98,46.65,46.87,114.87,115.17,114,114.45,,,,
9/14/2017,46.4,46.465,45.94,46.11,114.44,114.55,113.7,114.19,,,,
9/15/2017,46.3,46.36,46,46.18,114.74,114.98,114.11,114.85,,,,
9/18/2017,46.15,46.24,45.91,46.11,115.17,115.23,114.68,114.99,,,,
9/19/2017,46.14,46.19,45.89,45.98,115.06,115.12,114.36,114.49,,,,
9/20/2017,45.76,46.145,45.55,45.78,114.34,114.65,112.735,113.58,,,,
9/21/2017,45.71,45.79,45.36,45.4,113.21,113.82,112.54,112.8,,,,
9/22/2017,45.45,45.63,45.37,45.49,112.56,112.87,111.81,111.85,,,,
9/25/2017,45.5,45.76,45.35,45.69,112.04,112.14,111.42,111.94,,,,
9/26/2017,45.69,45.87,45.56,45.57,112.23,112.3,111.73,111.81,,,,
9/27/2017,45.47,45.5,44.38,44.64,111.72,111.875,110.34,111.1,,,,
9/28/2017,44.67,45,44.65,44.91,111.37,112.73,111.19,111.64,,,,
9/29/2017,44.86,45.11,44.79,45.01,111.87,112.03,111.21,111.43,,,,
10/2/2017,45.05,45.265,44.745,44.8,109.91,110.52,108.96,109.12,,,,
10/3/2017,44.86,45.26,44.76,45.19,109.42,109.65,108.89,109.13,,,,
10/4/2017,45.11,45.56,44.935,45.5,106.94,110.16,106.19,109.34,,,,
10/5/2017,45.51,45.745,45.5,45.52,109.66,110.99,109.55,110.45,,,,
10/6/2017,45.39,45.52,45.28,45.49,110.17,110.67,109.92,110.4,,,,
10/9/2017,45.55,45.65,45.34,45.41,110.59,110.93,109.79,110.01,,,,
10/10/2017,45.6,45.9,45.525,45.87,110.28,110.86,110.28,110.78,,,,
10/11/2017,46.125,46.2,45.87,46.1,111.595,111.81,110.77,111.51,,,,
10/12/2017,45.98,46.14,45.94,46.11,111.51,112.51,111.38,112.45,,,,
10/13/2017,46.25,46.38,46.15,46.18,112.73,112.98,112.18,112.62,,,,
10/16/2017,46.12,46.75,46.1003,46.62,112.93,113.63,112.69,113.57,,,,
10/17/2017,46.53,46.63,46.31,46.52,113.22,113.56,111.66,112.19,,,,
10/18/2017,46.41,46.535,46.24,46.4,111.95,112.44,111.78,111.95,,,,
10/19/2017,46.37,46.79,46.32,46.59,111.62,112.79,111.6,112.67,,,,
10/20/2017,46.58,46.59,46.28,46.38,113.01,113.02,111.38,111.61,,,,
10/23/2017,46.38,46.65,46.23,46.32,111.64,112.45,111.4,111.69,,,,
10/24/2017,46.26,46.29,45.95,46.18,111.84,111.8658,110.28,110.75,,,,
10/25/2017,46.37,46.76,45.93,46.05,110.43,110.529,109.18,110.07,,,,
10/26/2017,46.32,46.75,46.22,46.23,110.67,111.24,110.41,110.73,,,,
10/27/2017,46.13,46.33,45.91,46.07,110.41,110.8475,109.93,110.6,,,,
10/30/2017,46,46.07,45.82,45.86,110.36,110.37,109.36,109.65,,,,
10/31/2017,45.92,46.17,45.84,45.98,110.24,110.765,109.95,110.23,,,,
11/1/2017,45.75,46.09,45.63,45.8,109.76,110.68,109.61,110.13,,,,
11/2/2017,45.81,45.95,45.745,45.88,109.91,110.18,109.54,110.05,,,,
11/3/2017,45.97,46.155,45.9166,45.97,110.14,110.65,110,110.22,,,,
11/6/2017,45.91,45.92,45.42,45.47,109.97,110,109.19,109.26,,,,
11/7/2017,45.41,45.95,45.31,45.94,109.15,110.58,109.15,110.47,,,,
11/8/2017,45.98,46.19,45.87,46.18,110.57,112.04,110.5,112,,,,
11/9/2017,46.12,46.385,46.02,46.23,111.35,112.44,111.02,111.48,,,,
11/10/2017,46.2,46.64,46.135,46.54,111.44,112.975,111.31,112.75,,,,
11/13/2017,46.6,46.815,46.54,46.72,112.69,114.19,112.64,114.04,,,,
11/14/2017,46.71,47.48,46.62,47.43,113.69,116.19,113.59,115.76,,,,
11/15/2017,47.32,47.46,46.78,46.81,115.65,115.93,114.31,115.1,,,,
11/16/2017,46.95,46.98,46.51,46.55,115.39,115.835,114.94,115.23,,,,
11/17/2017,46.34,46.38,45.25,45.71,114.73,115.14,114.53,114.68,,,,
11/20/2017,45.65,45.88,45.42,45.46,114.75,115.85,114.71,114.91,,,,
11/21/2017,45.56,45.95,45.54,45.78,114.99,116.33,114.97,116.05,,,,
11/22/2017,45.89,45.93,45.54,45.84,115.77,116,114.28,115.08,,,,
11/24/2017,45.89,46.045,45.86,45.88,115.65,116.3,115.425,115.9,,,,
11/27/2017,45.88,45.99,45.81,45.9,116,116.4,115.66,115.85,,,,
11/28/2017,45.99,46.15,45.78,45.83,116.26,116.83,115.3,116.77,,,,
11/29/2017,45.77,45.82,45.21,45.5,116.84,117.38,116.29,116.84,,,,
11/30/2017,45.14,45.84,45.03,45.77,116.52,117.21,116.08,116.52,,,,
12/1/2017,45.8,46.02,45.21,45.97,116.5,116.85,115.04,116.78,,,,
12/4/2017,45.99,46.378,45.77,46.23,117,118.2,116.62,117.46,,,,
12/5/2017,46.25,46.44,46.06,46.26,117.63,117.94,117.18,117.59,,,,
12/6/2017,46.355,46.48,46.2612,46.45,117.83,118.91,117.64,118.9,,,,
12/7/2017,46.29,46.32,45.72,45.78,118.52,118.64,116.55,116.73,,,,
12/8/2017,45.7,45.73,45.05,45.31,116.52,116.6,115.9,116.57,,,,
12/11/2017,45.305,45.41,44.92,45.33,116.33,117.435,115.56,117.39,,,,
12/12/2017,45.29,45.52,45.06,45.29,117.4,118.37,117.12,117.4,,,,
12/13/2017,45.45,46.05,45.4,45.9,117.51,118.21,117.48,117.8,,,,
12/14/2017,45.81,46.17,45.8,46.03,117.94,118.6,117.725,118.02,,,,
12/15/2017,46.29,46.42,46.04,46.19,118.57,119.36,118.45,119.22,,,,
12/18/2017,46.2,46.38,45.91,45.93,119.3,119.74,118,118.05,,,,
12/19/2017,46.04,46.38,45.91,46.13,118.75,119.385,118.23,118.61,,,,
12/20/2017,46.21,46.3,45.955,46.08,118.66,119.12,117.56,119.02,,,,
12/21/2017,46.14,46.22,45.56,45.6,119.45,119.57,117.84,118.26,,,,
12/22/2017,45.69,45.73,45.55,45.59,118.6,118.75,118.17,118.6,,,,
12/26/2017,45.7,45.855,45.61,45.81,118.41,119.24,118.41,118.89,,,,
12/27/2017,45.9,45.94,45.715,45.93,118.87,119.4,118.8,119.3,,,,
12/28/2017,45.91,45.99,45.64,45.72,119.33,119.53,119.05,119.35,,,,
12/29/2017,45.7,46.18,45.6925,45.88,119.46,120.57,119.42,119.92,,,,
1/2/2018,45.91,45.94,45.505,45.54,119.93,120.18,117.9251,118.06,,,,
1/3/2018,45.49,45.69,45.34,45.44,117.905,118.47,117.64,117.75,,,,
1/4/2018,45.56,46.215,45.45,46.08,117.8,119.11,117.6,118.33,,,,
1/5/2018,46.02,46.2,45.79,46.07,118.41,119.09,118.245,118.67,,,,
1/8/2018,45.95,46.1,45.88,46,118.21,118.74,117.67,117.99,,,,
1/9/2018,46,46.36,45.935,46.23,118.26,118.98,117.95,118.08,,,,
1/10/2018,46.23,46.26,45.93,46.07,118.13,118.36,116.7,117.48,,,,
1/11/2018,46.23,46.23,45.86,46.04,117.64,117.85,116.38,116.88,,,,
1/12/2018,46.28,46.39,46.03,46.15,116.95,118.01,116.85,117.38,,,,
1/16/2018,46.15,46.62,46.14,46.53,117.2,118.35,117.03,117.86,,,,
1/17/2018,46.58,47,46.55,46.82,118.29,120.17,118.21,119.18,,,,
1/18/2018,46.75,47.07,46.61,46.88,119.09,119.62,118.65,119.05,,,,
1/19/2018,46.99,47.25,46.87,47.16,119.48,120.68,118.64,120.17,,,,
1/22/2018,47.14,47.5,47.09,47.38,120.1,121.85,120,121.51,,,,
1/23/2018,47.21,47.7,47.13,47.45,121.07,122.51,120.85,121.3,,,,
1/24/2018,47.53,47.95,47.48,47.83,121.24,121.48,120.82,121.14,,,,
1/25/2018,47.7,48,47.7,47.84,120.61,121.4532,120.36,120.9,,,,
1/26/2018,47.78,48.615,47.74,48.53,120.61,121.84,120.61,121.76,,,,
1/29/2018,48.21,48.46,47.575,47.7,121.38,122.16,119.65,119.67,,,,
1/30/2018,47.73,48.16,47.4,47.41,119.68,121.2,119.5,119.89,,,,
1/31/2018,47.45,47.9,47.37,47.59,119.84,120.75,119.51,120.3,,,,
2/1/2018,47.41,47.73,47.11,47.45,119.92,121.01,119.28,120.3,,,,
2/2/2018,47.35,47.41,46.63,46.73,119.91,120.28,118.4,118.67,,,,
2/5/2018,46.65,46.92,44.411,44.89,118.57,119.66,114.4101,114.46,,,,
2/6/2018,43.87,44.74,43.44,44.67,112.44,113.95,110.15,113.56,,,,
2/7/2018,44.58,45.495,44.28,44.56,113.97,115.77,112.75,113.5,,,,
2/8/2018,44.62,44.62,43.07,43.1,113.7,113.72,110.09,110.15,,,,
2/9/2018,43.36,43.46,42.19,43.13,110.81,111.99,108.88,111.18,,,,
2/12/2018,43.56,44.23,43.3721,43.97,111.9,112.75,111.06,111.93,,,,
2/13/2018,43.92,44.41,43.69,44.19,112,112.67,110.68,112.14,,,,
2/14/2018,44.02,44.19,43.63,44.1,111.67,111.9,108.76,109.11,,,,
2/15/2018,44.25,44.83,44.12,44.78,109.53,111.04,108.72,110.97,,,,
2/16/2018,45.57,45.6401,44.72,44.98,111.06,111.7,109.76,111.06,,,,
2/20/2018,44.75,44.83,43.94,43.99,110.96,110.98,109.34,109.48,,,,
2/21/2018,44.11,44.26,43.33,43.34,109.35,109.8405,107.94,108,,,,
2/22/2018,43.43,43.82,43.22,43.52,108.33,109.97,108.02,109.26,,,,
2/23/2018,43.58,44.06,43.42,44.04,109.36,110.05,108.57,109.68,,,,
2/26/2018,44.23,44.39,43.81,44.03,110.12,111.17,110.03,110.94,,,,
2/27/2018,44.15,44.311,43.62,43.62,111.19,112.08,110.71,110.89,,,,
2/28/2018,43.83,43.91,43.22,43.22,111,111.65,109.68,109.73,,,,
3/1/2018,43.1,43.64,42.82,43.43,109.21,109.88,107.241,108.12,,,,
3/2/2018,43.25,43.8,43.24,43.72,107.91,109.32,107.9,109.04,,,,
3/5/2018,43.57,43.935,43.5,43.89,108.46,109.6,108.02,109.43,,,,
3/6/2018,43.95,44.05,43.59,43.93,109.36,109.62,108.44,109.58,,,,
3/7/2018,43.59,43.92,43.47,43.82,108.89,110.06,108.61,109.84,,,,
3/8/2018,43.9,44.46,43.8,44.45,110.03,112.13,109.58,112.08,,,,
3/9/2018,44.57,44.82,44.39,44.82,112.27,112.57,111.6424,112.54,,,,
3/12/2018,44.95,45.09,44.33,44.53,112.5,113.09,112.075,112.75,,,,
3/13/2018,44.67,44.825,44.4,44.57,113.27,113.9,112.72,113.6,,,,
3/14/2018,44.38,44.43,43.725,43.78,113.57,113.77,112.23,112.61,,,,
3/15/2018,43.88,44,43.55,43.67,112.4,113.25,111.66,111.99,,,,
3/16/2018,43.7,44.02,43.45,43.46,112.33,113.2,111.58,111.64,,,,
3/19/2018,43.46,43.71,43.175,43.26,111.65,111.99,110.05,110.36,,,,
3/20/2018,43.32,43.48,43.01,43.16,110.75,111.3,109.83,109.9,,,,
3/21/2018,43.13,43.45,42.79,43,109.89,110.08,108.53,108.74,,,,
3/22/2018,42.88,43.365,42.7,42.76,108.45,109.67,107.8,107.94,,,,
3/23/2018,42.82,43.1556,42.29,42.33,108.09,108.74,105.938,106.15,,,,
3/26/2018,42.61,42.8099,42.25,42.69,106.68,107.47,106.09,106.81,,,,
3/27/2018,42.7,43.31,42.525,42.89,107.23,108.54,106.51,107.64,,,,
3/28/2018,43,43.7,43,43.32,108.14,110.11,108,109.18,,,,
3/29/2018,43.54,43.92,43.29,43.43,110.12,110.66,108.97,109.15,,,,
4/2/2018,43.44,43.5,42.473,42.67,108.62,109.22,106.44,107.05,,,,
4/3/2018,42.98,43.535,42.84,43.38,107.39,108.53,106.59,108.19,,,,
4/4/2018,43.14,44.4,43.11,44.24,107.78,110.73,107.24,110.18,,,,
4/5/2018,44.28,44.61,43.94,44.4,110.43,111.18,109.75,110.57,,,,
4/6/2018,44.28,44.52,43.71,43.92,110.06,110.98,108.77,109.3,,,,
4/9/2018,44.03,44.31,43.78,43.83,109.54,110.45,108.78,109.38,,,,
4/10/2018,44.07,44.18,43.715,43.99,109.74,110.2,108.92,109.4,,,,
4/11/2018,43.81,44.14,43.76,43.99,108.57,109.47,108.42,108.68,,,,
4/12/2018,44.08,44.405,43.95,44.03,108.96,109.51,108.27,108.31,,,,
4/13/2018,44.19,44.69,44.14,44.51,108.85,109.46,108.52,109.26,,,,
4/16/2018,44.65,44.89,44.4,44.68,109.75,110.64,109.52,109.92,,,,
4/17/2018,44.95,45.03,44.65,44.88,108.69,109.08,107.98,108.87,,,,
4/18/2018,44.9,44.97,44.325,44.51,108.97,109.36,106.46,106.98,,,,
4/19/2018,44.34,44.47,44.015,44.31,106.71,106.94,105.08,105.57,,,,
4/20/2018,44.31,44.41,43.58,43.74,105.45,105.6,102.27,102.48,,,,
4/23/2018,43.74,43.99,43.56,43.98,102.55,102.8,101.84,102.58,,,,
4/24/2018,43.98,44.1,42.73,43.07,102.62,102.85,100.97,101.44,,,,
4/25/2018,42.74,42.89,41.905,42.43,101.21,102.36,100.85,101.15,,,,
4/26/2018,42.4,43.1,42.26,42.75,102.25,104.08,101.15,103.26,,,,
4/27/2018,42.73,43.34,42.71,43.31,102.22,102.99,101.65,101.71,,,,
4/30/2018,43.5,43.69,42.97,43.21,101.85,102.385,100.58,100.94,,,,
5/1/2018,42.96,42.99,42.18,42.59,100.36,100.93,98.57,99.13,,,,
5/2/2018,42.4,42.585,41.94,42.06,99.16,99.3573,97.03,97.23,,,,
5/3/2018,42.22,42.4,41.52,41.89,97.48,98.09,96.7,97.6,,,,
5/4/2018,41.79,42.5,41.77,42.36,97.55,99.77,97.5,98.99,,,,
5/7/2018,42.34,42.49,41.9642,42.14,98.98,99.31,98.07,98.23,,,,
5/8/2018,41.97,42.09,41.69,41.81,97.91,97.99,96.43,96.79,,,,
5/9/2018,41.97,42.23,41.67,41.78,97.19,97.52,95.94,96.16,,,,
5/10/2018,41.99,42.36,41.94,42.18,96.43,97.74,96.4,97.27,,,,
5/11/2018,42.24,42.47,42.04,42.14,97.58,98.26,96.88,97.43,,,,
5/14/2018,42.25,42.315,41.9,42.04,97.69,97.7299,96.73,97.15,,,,
5/15/2018,41.78,41.92,41.45,41.72,96.61,97.24,96.355,96.8,,,,
5/16/2018,41.74,41.94,41.54,41.55,96.64,97.55,96.55,97.19,,,,
5/17/2018,42.01,42.35,41.87,42.3,97.55,97.99,97.15,97.92,,,,
5/18/2018,42.3,42.38,42.08,42.18,98.31,98.45,97.32,97.51,,,,
5/21/2018,42.31,42.52,42.27,42.41,98.22,99.98,98.06,99.51,,,,
5/22/2018,42.5,42.6,42.205,42.25,99.78,100.46,99.43,99.93,,,,
5/23/2018,42.25,42.45,41.93,42.4,99.93,100.6,99.61,100.45,,,,
5/24/2018,42.4,42.47,42.185,42.32,100.31,100.58,99.76,100.18,,,,
5/25/2018,42.34,42.58,42.2,42.4,100.18,101.11,99.9,100.31,,,,
5/29/2018,42.12,42.85,42.1,42.68,100,101.285,100,101.1,,,,
5/30/2018,42.77,43.28,42.7,43.13,101.66,102.24,101.09,101.83,,,,
5/31/2018,43.2,43.21,42.68,43,101.15,101.3,99.66,100.25,,,,
6/1/2018,43.1,43.32,43.04,43.12,100.54,100.93,99.65,100.25,,,,
6/4/2018,43.36,43.59,43.29,43.49,100.12,101.09,100.025,100.12,,,,
6/5/2018,43.5,43.54,43.1,43.11,100.46,100.9595,99.88,100.21,,,,
6/6/2018,43.06,43.46,43.04,43.46,100.4,100.86,99.815,100.83,,,,
6/7/2018,43.33,43.73,43.33,43.44,100.51,101.51,100.33,101.16,,,,
6/8/2018,43.57,44,43.56,43.95,101.18,102.61,101.18,102.49,,,,
6/11/2018,43.95,44.245,43.89,44.13,102.61,103.41,102.27,103.21,,,,
6/12/2018,44.13,44.42,44.075,44.41,103.23,104.55,102.82,104.48,,,,
6/13/2018,44.35,44.52,44.1515,44.18,104.16,105.6,104.16,105.27,,,,
6/14/2018,43.75,43.85,43.52,43.58,105.26,105.36,104.43,105.13,,,,
6/15/2018,43.56,44.15,43.45,44.12,105.1,107.75,104.82,107.61,,,,
6/18/2018,43.88,43.955,43.4,43.55,107.01,107.21,104.83,105.38,,,,
6/19/2018,43.3,43.75,43.2,43.6,105.49,106.68,105.22,105.96,,,,
6/20/2018,43.62,43.775,43.23,43.26,105.73,106.11,105.36,105.81,,,,
6/21/2018,43.27,43.3,42.96,43.09,106.57,107.425,106.3,107.24,,,,
6/22/2018,43.15,43.41,43.075,43.25,107.24,108.67,107.14,108.37,,,,
6/25/2018,43.16,43.75,43.16,43.58,107.71,109.59,107.71,108.99,,,,
6/26/2018,43.56,43.84,43.28,43.33,109.05,109.17,107.47,108.05,,,,
6/27/2018,43.33,43.61,42.99,43.07,108.37,108.955,107.62,108.27,,,,
6/28/2018,43.24,43.675,43.17,43.47,108.42,109.3,108.3,108.68,,,,
6/29/2018,43.57,44.1,43.31,43.86,108.72,109.5,107.8,108.87,,,,
7/2/2018,43.78,44.16,43.58,43.75,108.7,110,108.31,109.53,,,,
7/3/2018,44.06,44.33,43.99,43.99,108.58,109.57,108.055,108.8,,,,
7/5/2018,44.16,44.67,44.13,44.66,108.91,109.615,108,109.55,,,,
7/6/2018,44.67,44.94,44.575,44.64,109.49,110.02,108.97,109.56,,,,
7/9/2018,44.54,44.73,44.34,44.4,109.13,109.3,107.52,107.76,,,,
7/10/2018,44.51,45,44.5,44.97,110.62,113,109.68,112.89,,,,
7/11/2018,44.99,45,44.64,44.79,112.64,112.94,112.1,112.54,,,,
7/12/2018,44.83,44.96,44.49,44.67,112.54,112.71,110.97,111.53,,,,
7/13/2018,44.7,44.78,44.465,44.74,111.68,112.79,111.62,112.69,,,,
7/16/2018,44.73,44.8,44.53,44.73,112.56,113.121,111.7511,112.96,,,,
7/17/2018,44.75,45.39,44.68,45.25,113.47,115.03,113.47,114.88,,,,
7/18/2018,45.19,45.285,44.84,45.12,114.92,115,113.89,114.83,,,,
7/19/2018,44.99,45.43,44.92,45.11,114.77,116.59,114.75,115.77,,,,
7/20/2018,45.02,45.28,44.9,45.28,115.75,116.79,115.22,116.01,,,,
7/23/2018,45.28,45.36,44.7742,44.95,115.52,115.98,113.58,114.39,,,,
7/24/2018,44.78,45.27,44.61,45.26,114.14,114.92,113.85,114.74,,,,
7/25/2018,46,46.58,45.75,46.09,114.94,115.67,114.5,115.21,,,,
7/26/2018,46.36,46.59,46.2,46.24,116.14,116.9,114.88,115,,,,
7/27/2018,46.32,46.495,46.06,46.21,114.77,115.35,114.025,114.28,,,,
7/30/2018,46.1,46.44,46.05,46.23,113.78,114.59,113.67,114.18,,,,
7/31/2018,46.4,46.67,46.31,46.63,114.66,115.49,114.11,115,,,,
8/1/2018,46.45,46.49,46.17,46.39,114.42,114.525,113.225,113.61,,,,
8/2/2018,46.48,46.63,46.18,46.18,113.6,114.93,113.09,114.69,,,,
8/3/2018,46.23,46.76,46.14,46.62,114.77,116.7,114.37,116.3,,,,
8/6/2018,46.6,46.87,46.55,46.65,117.25,118.44,116.9,117.38,,,,
8/7/2018,46.52,46.61,46.13,46.5,116.45,116.45,113.53,114.22,,,,
8/8/2018,46.49,46.56,46.1226,46.15,114.52,114.85,113.47,113.49,,,,
8/9/2018,46.25,46.42,46.075,46.35,114.12,114.12,113.38,113.7,,,,
8/10/2018,46.21,46.42,45.965,46.08,113.59,113.97,112.57,112.87,,,,
8/13/2018,46.05,46.13,45.7,45.83,112.81,113.14,112.01,113.02,,,,
8/14/2018,45.91,46.1,45.8732,45.89,112.7,113.49,112.11,113.1,,,,
8/15/2018,45.77,46.145,45.65,46.08,112.76,113.74,112.25,113.45,,,,
8/16/2018,46.11,46.38,45.97,46.22,113.74,114.73,113.37,114.25,,,,
8/17/2018,46.29,46.73,46.24,46.6,114,115.09,114,114.96,,,,
8/20/2018,46.68,46.865,46.59,46.73,114.99,115.85,114.6,114.84,,,,
8/21/2018,46.73,46.75,46.21,46.22,115.25,115.25,113.65,113.72,,,,
8/22/2018,46.34,46.38,45.92,45.93,113.7,113.82,111.96,112.24,,,,
8/23/2018,45.89,46.08,45.69,45.7,112.17,112.23,111.51,111.93,,,,
8/24/2018,45.65,45.8,45.58,45.63,111.87,112.5299,111.8,112.15,,,,
8/27/2018,46.05,46.05,45.564,45.69,112.58,112.77,111.83,112.41,,,,
8/28/2018,45.65,45.73,45.28,45.37,112.22,112.445,110.89,111.17,,,,
8/29/2018,45.25,45.415,45.22,45.33,111.3,112.1173,111.22,112.05,,,,
8/30/2018,45.28,45.32,44.885,44.95,111.87,112.23,111.55,111.96,,,,
8/31/2018,45,45.07,44.39,44.57,111.77,112.58,111.26,112.01,,,,
9/4/2018,44.6,44.9,44.51,44.76,111.82,112.09,110.45,111,,,,
9/5/2018,44.66,45.42,44.66,45.38,110.76,113.17,110.7,113.12,,,,
9/6/2018,45.4,46,45.3,45.77,112,113.53,111.44,113.5,,,,
9/7/2018,45.6,45.82,45.28,45.72,112.85,113.5,111.51,112.74,,,,
9/10/2018,45.91,46.31,45.795,46.06,112.92,113.99,112.7,113.57,,,,
9/11/2018,46.1,46.15,45.88,46.02,111.85,113.745,111.85,113.33,,,,
9/12/2018,46.16,46.3,46.02,46.24,113.31,114.2311,113.04,113.85,,,,
9/13/2018,46.01,46.12,45.71,45.83,114.49,115.01,113.694,114.99,,,,
9/14/2018,45.92,46.0264,45.61,45.99,114.89,114.89,113.722,114.57,,,,
9/17/2018,46,46.33,45.91,46.32,114.6,115.45,114.22,115.4,,,,
9/18/2018,46.39,46.53,45.93,45.93,115.475,115.475,113.69,113.98,,,,
9/19/2018,46,46.105,45.865,45.96,113.95,114.24,113.46,113.77,,,,
9/20/2018,46.22,46.68,46.15,46.64,114.23,115.51,114.11,115.22,,,,
9/21/2018,46.64,46.69,46.375,46.58,115.26,115.52,114.835,114.91,,,,
9/24/2018,46.49,46.53,45.84,46.07,114.1,114.72,112.2,112.27,,,,
9/25/2018,46.06,46.1754,45.61,45.68,112.64,112.75,111.76,111.97,,,,
9/26/2018,45.77,46.07,45.565,45.85,112.27,112.86,111.31,111.5,,,,
9/27/2018,45.73,46.18,45.68,46.01,111.43,112.4,110.91,111.05,,,,
9/28/2018,46,46.19,45.97,46.19,111.54,112.05,110.91,111.8,,,,
10/1/2018,46.17,46.35,46.05,46.23,112.15,112.48,110.67,110.71,,,,
10/2/2018,46.28,46.555,46.06,46.51,110.45,111.11,107.7,108.72,,,,
10/3/2018,46.46,46.55,45.8,45.87,109.21,109.71,107.17,107.52,,,,
10/4/2018,45.66,45.895,45.425,45.85,106.85,107.4,105.8,106.61,,,,
10/5/2018,45.94,46.16,45.69,45.88,106.25,107.01,105.98,106.49,,,,
10/8/2018,45.99,46.58,45.97,46.48,106.36,108.34,106.31,108.19,,,,
10/9/2018,46.38,46.55,46.22,46.39,108.68,108.94,107.52,108.12,,,,
10/10/2018,46.3,46.7,45.67,45.68,107.59,109.35,107.2,107.34,,,,
10/11/2018,45.8,45.97,44.5,44.64,108.21,108.48,104.9,105.06,,,,
10/12/2018,44.48,44.8799,44.25,44.68,105.3,105.76,104.53,105.28,,,,
10/15/2018,44.64,45.265,44.59,44.91,105.2,106.65,105.17,105.63,,,,
10/16/2018,45.02,45.595,44.8626,45.49,106.31,107.69,105.8401,107.39,,,,
10/17/2018,45.41,45.99,45.36,45.86,107.21,108.7785,107.19,108.31,,,,
10/18/2018,45.9,46.08,45.455,45.61,108.48,109.3457,107.55,107.93,,,,
10/19/2018,45.83,46.49,45.83,46.33,108.59,110.6,108.49,110.29,,,,
10/22/2018,46.37,46.455,45.81,45.97,110.09,110.89,109.2438,109.4,,,,
10/23/2018,45.62,46.455,45.45,46.36,108.93,110.53,108.32,110.13,,,,
10/24/2018,46.33,47.39,46.24,46.73,110.2,114.16,109.95,112.96,,,,
10/25/2018,46.65,46.74,46.12,46.51,112.96,113.27,111.4222,112.85,,,,
10/26/2018,46.37,46.48,45.43,45.92,111.62,112.06,109.69,110.45,,,,
10/29/2018,46.15,46.555,46.05,46.46,111.29,113.31,111.1432,112.89,,,,
10/30/2018,46.62,47.74,46.0384,47.63,113.75,114.23,112.6,113.77,,,,
10/31/2018,47.5,48.08,47.22,47.88,113.49,113.49,111.19,112.38,,,,
11/1/2018,47.81,48.15,47.295,47.74,112,113.14,110.98,111.51,,,,
11/2/2018,47.82,48,47.435,48,111.49,112.1,109.63,111.17,,,,
11/5/2018,48,48.775,47.92,48.69,111.69,114.44,111.28,114.39,,,,
11/6/2018,48.65,49.13,48.6,49.11,114.03,115.35,113.86,115.21,,,,
11/7/2018,49.39,49.55,49.0301,49.37,115.45,115.77,114.44,115.61,,,,
11/8/2018,49.12,49.37,49.1,49.33,115.38,116.5,115.25,116.06,,,,
11/9/2018,49.39,49.89,49.36,49.68,116.08,117.71,116.08,117.48,,,,
11/12/2018,49.61,50.24,49.54,49.87,117,118.32,116.71,116.97,,,,
11/13/2018,49.81,50,49.58,49.86,117.75,117.75,116.21,117.14,,,,
11/14/2018,49.85,49.94,49.59,49.76,117.44,117.48,116.27,116.65,,,,
11/15/2018,49.66,49.75,49.27,49.74,116.43,116.99,115.6,116.8,,,,
11/16/2018,49.66,50.25,49.63,50.17,117.05,118.48,116.84,118.35,,,,
11/19/2018,50.31,50.76,50.25,50.51,118.08,119.52,117.965,119.01,,,,
11/20/2018,50.82,50.84,49.21,49.38,119.8,120.28,115.78,116,,,,
11/21/2018,49.23,49.44,48.59,48.73,115.89,116.89,114.92,115.28,,,,
11/23/2018,48.75,49.23,48.55,49.02,114.78,116.57,114.78,115.41,,,,
11/26/2018,49.01,49.23,48.67,48.87,115.88,116.4303,114.99,115.86,,,,
11/27/2018,48.88,49.405,48.73,49.37,115.37,116.5269,114.9,116.44,,,,
11/28/2018,49.21,49.72,49.21,49.71,115.98,118.52,115.57,118.5,,,,
11/29/2018,49.28,49.43,48.97,48.98,118.4,118.87,117.44,118.27,,,,
11/30/2018,49,50.485,48.99,50.4,118.13,122,118.13,121.94,,,,
12/3/2018,49.87,49.96,48.89,49.69,120.48,120.91,117.51,118.98,,,,
12/4/2018,49.97,50.51,49.5,49.58,119.37,120.61,117.45,117.8,,,,
12/6/2018,49.51,49.63,48.66,49.38,116.31,117.38,114.1,116.84,,,,
12/7/2018,49.57,49.68,48.88,49.09,116.37,116.98,115.38,115.82,,,,
12/10/2018,49.45,49.45,48.465,49.24,116.4,116.6197,114.46,116.19,,,,
12/11/2018,49.59,50.01,49.18,49.54,116.9,118.19,116.68,117.29,,,,
12/12/2018,49.95,50.02,49.19,49.22,118.34,118.59,116.41,117,,,,
12/13/2018,48.72,49.6099,48.57,49.47,117.14,118.89,117.11,118.35,,,,
12/14/2018,49.23,49.52,49.02,49.34,117.32,117.55,113.67,113.95,,,,
12/17/2018,49.34,49.53,48.02,48.33,114.37,115.07,112.2,112.87,,,,
12/18/2018,48.61,48.83,47.85,48.32,113.22,113.53,110.75,111.84,,,,
12/19/2018,48.24,48.76,47.62,47.9,112.63,113.19,109.63,110.04,,,,
12/20/2018,47.81,48.1331,47.1,47.54,110.2,111.93,109.2,110.21,,,,
12/21/2018,47.26,48.75,47.23,47.57,110.96,114.16,108.81,109.42,,,,
12/24/2018,47.62,47.87,45.83,45.96,110.13,111.09,105.96,106.03,,,,
12/26/2018,45.88,46.96,45.66,46.94,106.22,108.44,105.03,108.33,,,,
12/27/2018,46.74,47.55,46.03,47.53,107.77,109.47,106.03,109.42,,,,
12/28/2018,47.89,48.01,47.025,47.2,110.09,111.1,109.22,110.36,,,,
12/31/2018,47.49,47.54,46.96,47.35,110.58,111.09,109.32,110.48,,,,
1/2/2019,46.94,47.215,46.555,46.93,109.15,110.0197,108.23,109.28,,,,
1/3/2019,46.82,47.37,46.53,46.64,108.91,110.15,108.05,108.26,,,,
1/4/2019,46.75,47.57,46.64,47.57,109.54,110.6,108.24,110.48,,,,
1/7/2019,47.57,47.75,46.895,46.95,110.01,110.38,108.65,109.53,,,,
1/8/2019,47.25,47.57,47.035,47.48,110.14,110.8,109.42,110.58,,,,
1/9/2019,47.08,47.28,46.43,46.57,110.33,110.87,107.49,107.49,,,,
1/10/2019,46.66,47.09,46.34,47.07,107.41,108.34,107.3565,108.15,,,,
1/11/2019,47.29,47.355,46.97,47.34,107.86,108.5,107.64,108.16,,,,
1/14/2019,47.25,47.3966,46.99,47.15,107.85,107.96,106.96,107.32,,,,
1/15/2019,46.89,47.6,46.81,47.57,107.46,109.07,106.73,108.99,,,,
1/16/2019,47.4,47.47,46.86,46.92,108.99,109.05,107.7,108.34,,,,
1/17/2019,46.92,47.1385,46.88,47.06,108.14,109.47,108.09,109.22,,,,
1/18/2019,47.25,47.69,47.12,47.61,109.97,110.295,109.17,110.07,,,,
1/22/2019,47.7,47.79,47.205,47.72,109.86,110.23,108.78,109.91,,,,
1/23/2019,47.82,48.29,47.65,48.27,109.68,110.79,109.51,110.73,,,,
1/24/2019,48.11,48.11,47.375,47.69,110.31,110.31,108.41,109.5,,,,
1/25/2019,47.88,48.025,47.24,47.37,110.15,110.59,109.04,109.35,,,,
1/28/2019,47.22,47.3,46.94,47.17,108.96,109.6,108,108.82,,,,
1/29/2019,47.2,47.63,47.13,47.4,108.93,109.62,108.51,109,,,,
1/30/2019,47.25,47.89,47.19,47.86,108.94,111.24,108.54,110.82,,,,
1/31/2019,47.85,48.78,47.47,48.13,110.97,112.9,110.21,112.67,,,,
2/1/2019,48.48,48.78,48.4,48.7,112.95,113.28,111.45,112.19,,,,
2/4/2019,48.7,49.45,48.54,49.25,112.21,113.4,111.85,113.09,,,,
2/5/2019,49.33,49.465,49.1,49.26,113.03,113.54,112.49,112.9,,,,
2/6/2019,49.21,49.36,49.02,49.26,113.41,113.58,112.3,113.05,,,,
2/7/2019,49.17,49.46,49.0025,49.42,112.82,113.16,112.16,113.09,,,,
2/8/2019,49.37,49.5,49.11,49.5,112.93,113.04,111.93,113.015,,,,
2/11/2019,49.57,49.88,49.475,49.61,113.16,113.58,112.6443,112.97,,,,
2/12/2019,49.69,49.8,49.46,49.66,113.23,114.5,112.22,113.79,,,,
2/13/2019,49.61,49.94,49.56,49.79,114.11,114.73,113.63,114.12,,,,
2/14/2019,46.7,46.96,45.5,45.59,113,113,111.88,112.59,,,,
2/15/2019,45.9,46.255,45.2,45.24,115.85,116.28,114.11,115.91,,,,
2/19/2019,45.32,45.59,44.77,44.83,116.8,116.97,115.2,115.93,,,,
2/20/2019,44.91,45.2354,44.8,45.1,115.75,116.64,115.41,115.83,,,,
2/21/2019,45,45.91,44.96,45.86,115.5,116.93,115.47,116.1,,,,
2/22/2019,45.76,45.95,45.2,45.28,116.11,116.77,115.59,116.76,,,,
2/25/2019,45.44,45.57,44.84,44.94,117.17,117.3,115.71,116.06,,,,
2/26/2019,45.1,45.14,44.66,44.69,116.37,116.5,115.43,115.97,,,,
2/27/2019,44.6,45.02,44.42,44.94,115.54,115.7,114.41,115.37,,,,
2/28/2019,45.12,45.6084,45.11,45.34,114.74,116.22,114.21,115.64,,,,
3/1/2019,45.47,45.64,45.2,45.38,115.86,116.37,115.23,116.18,,,,
3/4/2019,45.53,45.67,45.3,45.65,116.55,116.93,115.5,116.17,,,,
3/5/2019,45.65,45.7,45.4,45.6,115.98,116.82,115.6632,116.03,,,,
3/6/2019,45.67,45.785,45.44,45.45,115.78,116.83,115.58,116.66,,,,
3/7/2019,45.49,45.53,45.125,45.28,116.21,117.33,115.7,116.1,,,,
3/8/2019,45.15,45.25,44.61,44.84,115.83,116.26,114.26,115.23,,,,
3/11/2019,45.14,46.235,45.1,46.18,115.3,116.705,114.98,116.59,,,,
3/12/2019,45.95,46.25,45.9,46.05,116.75,117.21,116.01,116.57,,,,
3/13/2019,46.13,46.34,45.91,46.22,116.88,117.56,116.455,116.58,,,,
3/14/2019,45.84,46.11,45.63,45.7,116.86,116.98,115.45,115.5,,,,
3/15/2019,45.72,45.895,45.14,45.3,115.68,116.53,115.37,115.66,,,,
3/18/2019,45.43,45.68,45.36,45.41,116.17,117.3885,116.05,117.27,,,,
3/19/2019,45.55,45.69,45.34,45.56,117.36,118.745,117.25,118.09,,,,
3/20/2019,45.4,45.895,45.18,45.53,118.07,119.48,117.35,118.32,,,,
3/21/2019,45.53,45.76,45.44,45.51,118.01,119.665,118.01,119.44,,,,
3/22/2019,45.46,46.105,45.46,45.93,119.5,121.29,119.4467,120.72,,,,
3/25/2019,45.86,46.2,45.79,46.03,120.26,121.29,120.08,120.85,,,,
3/26/2019,46.17,46.79,46.17,46.64,121.46,122.16,121.26,122.02,,,,
3/27/2019,46.65,46.905,46.33,46.61,122.46,123.19,121.19,121.89,,,,
3/28/2019,46.68,46.92,46.48,46.58,121.89,122.47,121.585,121.84,,,,
3/29/2019,46.67,46.905,46.4801,46.86,122.29,122.755,121.27,122.55,,,,
4/1/2019,46.99,47.165,46.59,46.72,122.59,122.89,121.59,122,,,,
4/2/2019,46.75,46.93,46.57,46.57,121.9,122.255,121.56,121.68,,,,
4/3/2019,46.42,46.59,46.035,46.18,121.68,122.23,120.74,121.56,,,,
4/4/2019,46.34,46.54,46.11,46.48,121.81,122.125,121.169,121.47,,,,
4/5/2019,46.49,46.58,46.2,46.47,121.35,121.67,120.82,121.62,,,,
4/8/2019,46.54,46.57,46.265,46.55,121.72,122.04,121.21,122,,,,
4/9/2019,46.45,46.72,46.27,46.67,121.74,122.2,120.85,122.17,,,,
4/10/2019,46.84,47,46.56,46.64,122.35,122.7,121.66,122.04,,,,
4/11/2019,46.72,46.75,46.54,46.71,122.36,122.75,121.17,121.67,,,,
4/12/2019,46.67,46.9299,46.57,46.74,121.53,122.33,121.15,122.23,,,,
4/15/2019,46.88,47.04,46.7,47,122.44,124,122.36,123.66,,,,
4/16/2019,47.05,47.1,46.7,46.95,123.22,123.82,121.89,122.41,,,,
4/17/2019,47.2,47.545,47.15,47.28,125,127.11,123.84,127.01,,,,
4/18/2019,47.33,47.58,47.27,47.48,128.23,128.26,126.7282,127.09,,,,
4/22/2019,47.4,47.61,47.015,47.4,126.77,127.24,125.88,126.44,,,,
4/23/2019,48.09,48.72,47.55,48.21,126.68,127.54,126.12,127.09,,,,
4/24/2019,48.03,48.225,47.915,47.98,127.41,127.98,126.67,126.92,,,,
4/25/2019,47.74,47.89,47.47,47.84,125.65,126.3999,125.18,126.13,,,,
4/26/2019,47.99,48.45,47.98,48.26,126.52,127.245,126.115,126.4,,,,
4/29/2019,48.17,48.45,48.11,48.42,126.14,126.96,126.02,126.69,,,,
4/30/2019,48.53,49.18,48.39,49.06,127.05,128.39,126.34,128.05,,,,
5/1/2019,48.95,49.075,48.55,48.59,127.85,128,127.01,127.24,,,,
5/2/2019,48.53,48.7657,48.27,48.39,127.24,127.55,126.17,126.83,,,,
5/3/2019,48.6,48.96,48.52,48.72,127.1,128.18,126.92,127.67,,,,
5/6/2019,48.33,48.61,48.26,48.47,127.3,127.6253,126.76,127.27,,,,
5/7/2019,48.23,48.29,47.77,48,126.64,126.95,125.18,125.98,,,,
5/8/2019,48.05,48.23,47.82,47.85,125.8,126.74,124.95,126.02,,,,
5/9/2019,47.8,47.98,47.07,47.4,125.77,126.54,124.85,126.05,,,,
5/10/2019,47.41,48.295,47.4,48.19,126.14,128.28,125.62,128.01,,,,
5/13/2019,47.91,48.13,47.73,48.05,127.02,127.94,126.63,127.16,,,,
5/14/2019,48.53,49.32,48.35,48.69,127.56,128.51,127.285,127.41,,,,
5/15/2019,48.67,49.38,48.6,49.18,127.1,129.87,127.1,129.35,,,,
5/16/2019,49.27,49.66,49.21,49.58,129.37,130.745,128.76,130.27,,,,
5/17/2019,49.27,49.55,49.174,49.2,129.92,130.87,129.65,130.51,,,,
5/20/2019,49.04,49.14,48.76,48.85,130.04,130.45,129.55,129.99,,,,
5/21/2019,49,49.03,48.445,48.6,130.58,130.58,128.855,129.05,,,,
5/22/2019,48.78,49.71,48.72,49.65,129.1,130.64,128.9483,130.07,,,,
5/23/2019,49.5,49.9,49.4601,49.85,129.6,130.9,129.51,129.97,,,,
5/24/2019,49.82,49.89,49.53,49.61,130.33,130.48,128.96,129.5,,,,
5/28/2019,49.6,49.67,49.03,49.1,129.5,129.9,127.36,127.63,,,,
5/29/2019,48.74,49.03,48.41,48.61,127.58,128.31,126.84,128.17,,,,
5/30/2019,48.72,49.31,48.67,49.25,128.15,128.91,127.78,128.61,,,,
5/31/2019,49,49.31,48.78,49.13,128,128.45,126.99,128,,,,
6/3/2019,49.16,49.98,49.02,49.98,127.86,129.155,127.49,128.98,,,,
6/4/2019,50,50.28,49.615,50,129.75,129.81,128.02,129.07,,,,
6/5/2019,50.01,51.14,49.685,50.78,129.22,131.605,128.8625,131.39,,,,
6/6/2019,50.91,51.54,50.59,51.4,131.08,132.2703,130.56,131.98,,,,
6/7/2019,51.47,52.185,51.45,51.49,132.84,134.71,132.59,133.47,,,,
6/10/2019,51.54,51.54,51.09,51.38,133.18,133.68,132.36,133.59,,,,
6/11/2019,51.45,51.59,51.18,51.33,134.06,134.3392,132.69,133.2,,,,
6/12/2019,51.5,52.135,51.47,51.64,134.01,134.44,132.66,133.14,,,,
6/13/2019,51.46,51.7,50.775,51.13,133.45,133.79,131.85,132.94,,,,
6/14/2019,51.05,51.53,51.05,51.31,133.01,133.54,132.555,132.73,,,,
6/17/2019,51.25,51.48,50.61,50.87,132.72,133.235,131.885,132.52,,,,
6/18/2019,51.25,51.3,50.53,50.64,134.42,134.42,131.8625,132.06,,,,
6/19/2019,50.54,51.24,50.47,51.12,132.06,133.29,131.33,132.85,,,,
6/20/2019,51.5,51.785,51.35,51.66,133.87,134.45,133.34,134.16,,,,
6/21/2019,51.53,51.89,51.41,51.55,134.16,134.56,133.63,133.96,,,,
6/24/2019,51.74,52.2,51.7,51.92,134.65,135.242,133.94,134.14,,,,
6/25/2019,52,52.1,51.64,51.76,133.98,134.48,133.54,133.81,,,,
6/26/2019,51.52,51.64,51.085,51.12,133.06,133.77,132.3,132.32,,,,
6/27/2019,51.29,51.4,50.965,51.08,132.25,132.44,131.38,131.69,,,,
6/28/2019,51.27,51.4,50.52,50.92,132.28,132.41,130.76,131.13,,,,
7/1/2019,51.07,51.63,50.78,51.6,131.99,132.29,131.07,131.87,,,,
7/2/2019,51.78,52.05,51.55,51.98,132.09,132.65,131.35,132.43,,,,
7/3/2019,52,52.329,52,52.1,132.98,134.09,132.77,133.99,,,,
7/5/2019,51.89,52.12,51.48,52.11,132.89,133.4899,131.55,133.02,,,,
7/8/2019,52.2,52.33,51.89,52,133.1,133.39,132.04,132.56,,,,
7/9/2019,51.72,51.97,51.43,51.59,133,133.4,130.72,131.74,,,,
7/10/2019,51.8,51.97,51.655,51.82,132.4,134.46,131.87,134.41,,,,
7/11/2019,51.99,52.06,51.66,52.04,134.21,134.74,133.35,134.35,,,,
7/12/2019,52.25,52.29,51.91,52.12,134,134.43,132.61,133.28,,,,
7/15/2019,52.28,52.29,51.865,52.13,133.6,134.16,132.55,134.15,,,,
7/16/2019,51.96,52.47,51.81,52.14,134.08,135.24,133.05,133.8,,,,
7/17/2019,52.22,52.26,52.01,52.18,133.92,134.28,132.47,132.78,,,,
7/18/2019,52.04,52.1651,51.67,52.03,132.61,133.2,131.52,132.88,,,,
7/19/2019,52.14,52.15,51.37,51.39,133.17,133.19,130.01,130.09,,,,
7/22/2019,51.52,51.52,51.13,51.22,130.49,130.813,129.63,130.28,,,,
7/23/2019,53.25,54.635,52.76,54.33,131.13,132.24,130.41,130.74,,,,
7/24/2019,54.12,54.82,53.62,53.78,131.2,131.2,128.62,129.21,,,,
7/25/2019,53.63,53.8,52.715,53.07,128.63,129.525,128.39,128.99,,,,
7/26/2019,53.34,54.31,53.19,54.17,129.44,131.42,128.71,131.22,,,,
7/29/2019,54.17,54.295,53.9001,53.99,131.5,132.06,131.1755,131.53,,,,
7/30/2019,53.96,54.3,53.565,53.72,131.34,132.08,130.23,130.48,,,,
7/31/2019,53.51,53.51,52.04,52.63,130.48,130.48,126.24,127.81,,,,
8/1/2019,52.78,53.2,52.01,52.03,128.96,129.4,126.77,127.14,,,,
8/2/2019,51.91,52.73,51.91,52.33,127.1,128.82,126.5049,127.92,,,,
8/5/2019,52.39,52.66,51.4,51.65,128.35,129.15,123.88,124.4,,,,
8/6/2019,51.87,52.759,51.61,52.27,124.78,127,124.38,126.45,,,,
8/7/2019,52.27,53.39,51.77,53.18,126.4,128.34,124.63,127.78,,,,
8/8/2019,53.21,53.7835,52.85,53.69,128.1,129.75,127.0005,129.47,,,,
8/9/2019,53.79,53.9,53.08,53.42,129.71,129.74,127.32,128.6,,,,
8/12/2019,53.28,53.435,52.99,53.18,128.45,129.15,127.87,128.35,,,,
8/13/2019,52.9,53.61,52.87,53.5,128.28,130.38,127.94,129.93,,,,
8/14/2019,53.34,53.965,52.97,52.99,129.52,130.53,128.8,129.12,,,,
8/15/2019,53.43,54,53.23,53.87,129.66,131.22,129.4,130.72,,,,
8/16/2019,53.96,54.49,53.95,54.41,131.42,132.32,130.64,131.76,,,,
8/19/2019,54.44,54.78,54.31,54.69,132.29,132.85,131.94,132.57,,,,
8/20/2019,54.62,54.68,53.84,53.88,132.8,133.1,131.93,132.06,,,,
8/21/2019,54.25,54.41,53.85,54.1,132.91,133.64,131.624,132.34,,,,
8/22/2019,54.12,54.64,54.1,54.49,131.75,132.93,131.32,132.66,,,,
8/23/2019,54.42,54.71,53.39,53.74,132.45,133.35,129.54,130.27,,,,
8/26/2019,54,54.54,53.73,54.54,130.82,133.75,130.586,133.74,,,,
8/27/2019,54.7,54.945,54.41,54.72,134.2,135.3597,133.68,134.76,,,,
8/28/2019,54.66,55.15,54.421,55.11,134.5,135.34,134.28,135.19,,,,
8/29/2019,55.26,55.34,54.6,55.05,135.61,136.44,134.52,136.02,,,,
8/30/2019,55.16,55.22,54.81,55.04,136.11,137.11,135.76,136.73,,,,
9/3/2019,54.98,55.33,54.87,55.3,136.35,137.67,135.88,137.46,,,,
9/4/2019,55.35,55.92,55.3,55.77,137.81,139.18,137.25,139.15,,,,
9/5/2019,55.75,55.77,55.03,55.12,138.8,138.8,135.55,135.98,,,,
9/6/2019,55.44,55.44,54.76,55.23,136.93,137.42,136.02,137.37,,,,
9/9/2019,55.03,55.08,54.36,54.52,136.4,136.68,135.4275,136.4,,,,
9/10/2019,54.23,54.44,53.85,54.4,135.74,136.515,134.68,135.86,,,,
9/11/2019,54.29,54.8,53.9696,54.77,135.27,136.79,134.88,136.36,,,,
9/12/2019,55.1,55.31,54.98,55.11,136.74,138.29,136.74,137.29,,,,
9/13/2019,54.48,54.79,54.07,54.26,136.08,136.95,135.68,136.44,,,,
9/16/2019,54.1,54.34,53.63,53.96,136.39,136.5,134.38,134.88,,,,
9/17/2019,54.1,54.697,53.96,54.24,134.96,136.31,134.51,135.7,,,,
9/18/2019,54.2,54.285,53.82,54.23,135.81,135.9999,134.1,135.5,,,,
9/19/2019,54.23,54.595,54.13,54.52,135.41,135.84,135.08,135.48,,,,
9/20/2019,54.69,54.69,53.9,53.91,135,135.76,134.48,134.71,,,,
9/23/2019,53.91,54.36,53.88,54.14,134.96,135.75,134.96,135.44,,,,
9/24/2019,54.25,54.61,54.04,54.3,136.25,136.445,134.58,135.36,,,,
9/25/2019,54.44,54.48,54,54.17,135.21,135.66,134.51,135.09,,,,
9/26/2019,54.47,54.575,54.13,54.39,135.87,136.33,135.01,135.72,,,,
9/27/2019,54.56,54.635,54,54.31,136.24,136.24,134.67,135.6,,,,
9/30/2019,54.15,54.68,54.15,54.44,136.07,137.73,135.87,137.1,,,,
10/1/2019,54.53,54.78,54.01,54.65,136.93,137.94,136.09,137.37,,,,
10/2/2019,54.21,54.435,52.9,53.08,136.89,137.38,133.485,133.94,,,,
10/3/2019,53.5,53.9773,52.8236,53.84,138.44,139.75,136.5,137.93,,,,
10/4/2019,54,54.54,53.89,54.54,137.84,140.45,137.62,140.28,,,,
10/7/2019,54.33,54.36,53.77,53.87,139.29,139.61,137.97,138.34,,,,
10/8/2019,53.88,54.07,53.45,53.58,137.65,138.45,137.08,137.24,,,,
10/9/2019,54.06,54.065,53.535,53.83,137.32,138.17,136.83,137.85,,,,
10/10/2019,53.55,53.88,53.36,53.66,137.11,138.25,136.64,137.89,,,,
10/11/2019,53.65,53.7,53.195,53.3,138.08,138.7,137.09,137.64,,,,
10/14/2019,53.49,53.68,53.22,53.3,137.84,138.3,137.24,137.45,,,,
10/15/2019,53.43,53.68,53.27,53.51,137.48,137.945,136.16,136.33,,,,
10/16/2019,53.46,53.57,53.1341,53.49,136.14,136.49,135.5756,136.42,,,,
10/17/2019,53.69,54.12,53.58,53.79,137.07,137.6153,136.6,136.96,,,,
10/18/2019,55,55.39,54.45,54.78,137.27,137.37,136.23,136.25,,,,
10/21/2019,54.45,54.56,53.68,54.23,136.34,136.74,135.66,136.12,,,,
10/22/2019,54.23,54.42,53.74,53.85,136.65,137.35,136.31,136.66,,,,
10/23/2019,54.06,54.66,54.01,54.64,136.61,137.5,136.61,137.45,,,,
10/24/2019,54.57,54.817,54.485,54.61,137.7,138.11,136.79,137.89,,,,
10/25/2019,54.55,54.56,53.67,53.75,137.78,137.92,136.23,136.64,,,,
10/28/2019,53.74,53.95,53.37,53.57,136.55,137.55,136.15,136.57,,,,
10/29/2019,53.39,53.66,53.26,53.41,136.83,137.12,135.94,136.08,,,,
10/30/2019,53.52,54.05,53.16,53.94,135.86,137.285,135.41,136.9,,,,
10/31/2019,53.96,54.47,53.85,54.43,136.8,137.53,136.1,137.17,,,,
11/1/2019,54.63,54.74,53.85,53.9,137.55,138.34,136.7,136.93,,,,
11/4/2019,53.96,54,52.97,53.14,136.8,137.1,134.73,135.16,,,,
11/5/2019,52.89,52.89,52.12,52.42,134.83,135.1001,132.6,134.01,,,,
11/6/2019,52.53,52.8,52.41,52.8,134.5,134.88,133.55,134.44,,,,
11/7/2019,52.88,53,51.96,52.29,134.41,134.5,133.12,133.32,,,,
11/8/2019,52.46,52.6,52.09,52.21,133.29,134.13,132.57,133.13,,,,
11/11/2019,52.33,52.37,51.775,51.84,133.03,133.03,131.965,132.39,,,,
11/12/2019,51.91,51.91,51.5831,51.71,132.68,132.68,131.59,131.98,,,,
11/13/2019,52.18,52.45,51.9612,52.41,132.63,133.57,132.01,133.29,,,,
11/14/2019,52.53,52.67,52.35,52.63,133.6,133.91,132.73,133.33,,,,
11/15/2019,52.64,52.68,52.375,52.67,133.66,133.92,132.8,133.81,,,,
11/18/2019,52.68,53.44,52.67,53.03,134,135.69,133.91,134.06,,,,
11/19/2019,53.15,53.31,52.87,53.08,134.65,135.06,134.0692,134.57,,,,
11/20/2019,53.1,53.4,53.01,53.22,134.31,135.2,133.4,133.74,,,,
11/21/2019,53.11,53.34,52.775,52.96,133.43,134.21,133.086,133.91,,,,
11/22/2019,52.86,53.1878,52.75,53.03,133.92,134.53,133.02,134.07,,,,
11/25/2019,53.28,53.39,52.77,53.22,134.66,134.78,133.2101,133.83,,,,
11/26/2019,53.31,53.94,53.22,53.9,134.29,135.865,133.8703,135.7,,,,
11/27/2019,53.93,54.1,53.6,53.95,135.75,136.52,135.33,135.91,,,,
11/29/2019,53.7,53.725,53.22,53.4,136.06,136.42,135.26,135.83,,,,
12/2/2019,53.32,53.75,52.85,53.75,136.65,136.65,134.44,135.88,,,,
12/3/2019,53.71,53.84,53.4,53.8,136.66,136.66,134.32,135.46,,,,
12/4/2019,53.8,54.31,53.72,54.29,134.95,137.37,134.54,137.3,,,,
12/5/2019,54.21,54.29,53.83,54.19,136.19,136.54,135.27,136.34,,,,
12/6/2019,54.31,54.5,54.17,54.42,136.67,137.69,136.3397,137.36,,,,
12/9/2019,54.3,54.51,54.02,54.07,137.15,138.04,137,137.16,,,,
12/10/2019,54.04,54.07,53.73,53.77,137.61,137.61,136.17,136.27,,,,
12/11/2019,53.94,54.15,53.66,53.95,137.05,137.54,136.32,137.1,,,,
12/12/2019,54.01,54.45,53.94,54.14,136.8,137.9,136.75,137.18,,,,
12/13/2019,53.94,54.55,53.84,54.42,136.93,138.25,136.19,137.94,,,,
12/16/2019,54.69,54.83,54.37,54.42,136.95,137.52,136.16,137.06,,,,
12/17/2019,54.4,54.58,54.29,54.42,137.05,137.44,135.685,136.17,,,,
12/18/2019,54.53,54.75,53.885,53.91,137.05,137.3,135.625,135.97,,,,
12/19/2019,54.04,54.34,53.92,54.32,136.22,136.74,135.95,136.47,,,,
12/20/2019,54.94,55.2,54.47,54.97,137.41,138.13,135.16,137.92,,,,
12/23/2019,55,55.24,54.84,54.91,137.69,138.13,136.84,137.04,,,,
12/24/2019,54.8,55,54.64,54.71,137.09,137.38,136.27,136.89,,,,
12/26/2019,54.92,55.02,54.79,55.02,136.86,137.34,136.1,136.69,,,,
12/27/2019,55.01,55.445,55,55.35,136.88,137.58,136.63,137.54,,,,
12/30/2019,55.18,55.385,55.06,55.27,136.7,137.97,136.48,136.81,,,,
12/31/2019,55.2,55.38,54.98,55.35,136.69,137.2625,136.03,136.67,,,,
1/2/2020,55.32,55.43,54.76,54.99,136.87,137.23,135.14,135.82,,,,
1/3/2020,54.32,54.99,54.09,54.69,135.46,136.79,135.125,135.63,,,,
1/6/2020,54.65,54.905,54.52,54.67,135.3,136.32,135.2012,136.15,,,,
1/7/2020,54.45,54.6,54.15,54.25,136,136.07,133.95,134.01,,,,
1/8/2020,54.27,54.64,54.15,54.35,134.46,135.36,134.07,134.7,,,,
1/9/2020,55,55.395,54.839,55.34,135.29,135.38,134.53,134.79,,,,
1/10/2020,55.48,55.93,55.45,55.53,135.17,135.42,134.39,134.53,,,,
1/13/2020,55.53,56.23,55.42,56.13,134.65,136.59,134.63,136.53,,,,
1/14/2020,56.24,56.292,55.83,56,136.18,136.94,135.695,136.85,,,,
1/15/2020,56,56.98,56,56.7,137.04,139.25,136.8,139.2,,,,
1/16/2020,56.85,56.95,56.605,56.82,139.35,140.16,138.6,139.61,,,,
1/17/2020,56.87,57.15,56.8,56.94,140.1,141.32,139.9,141.26,,,,
1/21/2020,56.85,57.245,56.5745,57.17,140.8,142.12,140.34,141.86,,,,
1/22/2020,57.25,57.64,57.1799,57.61,141.81,143.57,141.72,143.38,,,,
1/23/2020,57.38,57.845,57.24,57.83,143.09,143.85,142.37,143.65,,,,
1/24/2020,57.85,57.87,57.46,57.68,143.83,144.15,142.45,142.915,,,,
1/27/2020,57.21,57.85,57.13,57.48,141.65,143.36,141.05,142.14,,,,
1/28/2020,57.45,57.75,56.97,57.01,142.13,142.92,141.76,142.44,,,,
1/29/2020,57,57.2571,56.66,57.01,142,142.45,141.17,141.73,,,,
1/30/2020,57.93,58.98,57.76,58.86,142.32,143.96,141.52,143.83,,,,
1/31/2020,58.97,59.075,58.145,58.4,143.81,144.65,141.575,142.02,,,,
2/3/2020,58.75,58.97,58.52,58.58,142.77,143.075,141.84,142.51,,,,
2/4/2020,58.75,59.45,58.62,58.84,143.2,144.06,142.1,143.22,,,,
2/5/2020,58.9,59.08,58.535,58.85,143.68,144.59,143.43,144.3,,,,
2/6/2020,58.98,59.34,58.84,58.99,144.64,145.2977,144.0702,144.33,,,,
2/7/2020,58.88,59.315,58.85,59.19,144.26,145.72,143.83,145.37,,,,
2/10/2020,59.32,59.84,59.285,59.75,145.93,146.42,145.13,145.66,,,,
2/11/2020,59.72,59.8,59.32,59.59,146.21,146.36,144.87,146.08,,,,
2/12/2020,59.48,59.765,59.315,59.41,146.68,146.74,145.35,146.08,,,,
2/13/2020,59.38,59.84,59.21,59.61,145.25,147.13,143.52,146.47,,,,
2/14/2020,59.63,60.07,59.62,59.95,146.57,147.15,145.94,146.99,,,,
2/18/2020,59.81,59.93,59.45,59.53,147.11,147.2,145.4,145.6,,,,
2/19/2020,59.51,60,59.47,59.77,145.62,146.48,145.49,145.53,,,,
2/20/2020,59.68,59.86,59.11,59.72,145.77,145.8,143.95,145.16,,,,
2/21/2020,59.51,60.13,59.43,60.13,145.06,145.92,144.805,145.85,,,,
2/24/2020,59.11,59.8,58.57,58.65,145.86,147.15,142.56,142.64,,,,
2/25/2020,58.7,59.2,57.62,57.82,142.59,144.38,140.57,141.1,,,,
2/26/2020,57.98,58.47,57.475,57.6,142.435,143.75,141.16,141.98,,,,
2/27/2020,57.15,57.89,54.88,54.93,141.41,143.14,136.31,136.37,,,,
2/28/2020,53.83,53.89,51.58,53.49,133.24,133.75,128.35,132.03,,,,
3/2/2020,53.93,55.96,53.7,55.92,132,137.77,131.72,137.58,,,,
3/3/2020,56.76,57.49,55.64,56.06,137.19,139.67,134.74,135.58,,,,
3/4/2020,56.41,59,56.41,58.92,136.19,142.71,136.05,142.39,,,,
3/5/2020,57.8,58.17,56.19,56.74,138.81,141.42,136.67,138.1,,,,
3/6/2020,54.94,55.91,53.98,55.26,131.56,138.17,131.4532,137.26,,,,
3/9/2020,52.05,53.58,51.475,51.86,130.18,133.35,128.18,130.16,,,,
3/10/2020,53.22,53.795,51.17,53.66,132.05,134.57,126.86,134.14,,,,
3/11/2020,52.35,52.65,51.14,52.21,130.58,132.54,127.63,129.75,,,,
3/12/2020,48.54,49.93,46.69,47.16,122.1,125,113.59,115.34,,,,
3/13/2020,49.51,49.56,46.605,48.47,120.68,127.59,115.07,127.45,,,,
3/16/2020,42.24,47.88,41.17,45.26,114.69,123.82,112,113.09,,,,
3/17/2020,45.88,47.5,45.37,47.18,116.7,127.86,116.39,127.72,,,,
3/18/2020,44.74,45.15,41.59,44.85,120.84,127.72,113.7701,120.92,,,,
3/19/2020,44.36,44.66,41.04,41.83,121.43,122.09,116.06,117.34,,,,
3/20/2020,41.95,42.07,37.51,38.3,118.24,118.45,101.42,103.93,,,,
3/23/2020,38.755,38.8862,36.27,37.56,106,112.87,102.87,105.18,,,,
3/24/2020,41.22,41.4,38.83,39.45,109.93,114.43,109.365,113.84,,,,
3/25/2020,40.63,43.45,39.91,41.61,112.74,116.36,111.04,112.5,,,,
3/26/2020,42.84,45.27,42.45,44.29,112.71,121.8,112.58,120.26,,,,
3/27/2020,43.66,44.03,42.4,42.81,118.57,124.65,117.99,120.46,,,,
3/30/2020,43.04,45.56,43.04,45,121.61,125.84,121.51,125.48,,,,
3/31/2020,45.07,45.51,44.06,44.25,124.94,125.695,119.5267,120.1,,,,
4/1/2020,42.48,43.65,41.8,42.12,117.27,122.3,115.665,118.12,,,,
4/2/2020,42.22,44.19,41.8623,43.95,117.215,125.177,116.48,123.86,,,,
4/3/2020,43.58,44.335,43.31,43.83,123.19,125.37,122.44,124.59,,,,
4/6/2020,45.39,47.01,44.69,46.67,128.66,132.13,125.29,131.16,,,,
4/7/2020,48.5,48.6,46.48,46.51,132.71,135.08,130.29,130.48,,,,
4/8/2020,46.64,48.09,46.33,47.82,129.64,133.295,129.13,132.61,,,,
4/9/2020,48.44,49.73,48.35,49,132.09,135.08,131.51,133.63,,,,
4/13/2020,48.35,48.64,46.5,46.93,131.69,133.3499,129.43,130.89,,,,
4/14/2020,47.94,49.25,46.93,48.92,133.22,138.63,132.35,138.4,,,,
4/15/2020,47.71,48.4,47.41,47.61,137.14,137.56,133.7,135.03,,,,
4/16/2020,47.4,47.85,46.76,47.1,136.9662,136.9662,133.85,135.64,,,,
4/17/2020,48.3,48.3,47.37,48.06,137.73,138,134.91,137.55,,,,
4/20/2020,47.79,48,46.31,46.53,136.9355,137.38,134.51,134.55,,,,
4/21/2020,45.88,46.9014,44.26,45.38,132.14,132.94,130.59,130.94,,,,
4/22/2020,46.05,46.145,45.5,45.68,132.44,133.67,131.22,132.62,,,,
4/23/2020,45.95,46.1,44.97,45.07,132.5,134.14,130.03,130.26,,,,
4/24/2020,45.5,45.75,45.1201,45.43,130.87,134.82,130.65,134.36,,,,
4/27/2020,46,46.975,45.71,46.78,134.42,135.21,133.89,134.46,,,,
4/28/2020,47.9,48,46.57,46.74,136.78,137.68,134.66,136.32,,,,
4/29/2020,47.27,47.86,46.88,47.12,136.77,136.98,132.9,133.36,,,,
4/30/2020,47,47,45.7,45.89,132.41,133.17,130.42,132.29,,,,
5/1/2020,45.62,46.39,45.21,45.6,131.12,132.225,129.52,130.14,,,,
5/4/2020,45.32,45.48,44.6,45.14,130.17,131.35,129.325,130.92,,,,
5/5/2020,45.36,46.1,45.15,45.4,131.64,133.33,130.77,131.67,,,,
5/6/2020,45.4,45.63,44.72,44.75,131.58,132.23,130.69,130.78,,,,
5/7/2020,45.15,45.24,44.5,44.6,131.55,132,130.12,131.55,,,,
5/8/2020,45.08,46.22,44.88,46.11,133.07,135.16,132.46,134.23,,,,
5/11/2020,45.69,46.11,45.52,45.54,133.43,136.2,133.17,134.38,,,,
5/12/2020,45.6,45.85,44.8,44.82,134.755,136.38,132.86,132.94,,,,
5/13/2020,44.71,44.78,43.5217,43.94,133.18,134.47,131.45,132.96,,,,
5/14/2020,43.38,44.06,43.23,43.7,132.71,133.56,130.15,133.08,,,,
5/15/2020,43.96,44.69,43.2,43.26,133.77,137.66,132.787,135.95,,,,
5/18/2020,44.82,45.39,44.13,44.97,136.85,137.99,135.06,135.52,,,,
5/19/2020,45.01,45.33,44.25,44.54,134.43,134.76,131.4,131.73,,,,
5/20/2020,45.2,46.17,45.02,45.89,132.54,132.6841,130.34,131.26,,,,
5/21/2020,46.08,46.09,45.03,45.17,130.98,131.44,129.61,130.21,,,,
5/22/2020,45.22,45.305,44.65,45.03,129.61,130.63,129.17,130.48,,,,
5/26/2020,46.92,46.93,45.93,46.09,131.94,132.05,129.4,129.75,,,,
5/27/2020,47,47.09,46.165,46.73,129.72,130.84,128.58,130.81,,,,
5/28/2020,47.3,47.46,46.82,47.09,131.21,132.73,130.11,132.29,,,,
5/29/2020,46.68,47.19,46.14,46.68,132.01,132.24,130.32,131.55,,,,
6/1/2020,46.66,47.23,46.59,46.99,131.6,133.9461,131.19,132.99,,,,
6/2/2020,47.16,47.28,46.56,46.9,133.05,133.81,131.12,132.63,,,,
6/3/2020,47.27,48.115,47.12,47.9,133.24,134.275,132.6,132.82,,,,
6/4/2020,47.94,48.265,47.38,47.92,131.59,133.56,130.18,130.57,,,,
6/5/2020,48.54,49.49,48.46,49.09,131,133.52,130.77,132.44,,,,
6/8/2020,49.54,49.97,49.47,49.85,131.38,132.465,131.235,132.21,,,,
6/9/2020,49.59,49.59,48.68,49,131.83,133.15,131.05,132.97,,,,
6/10/2020,49.16,49.265,48.57,48.62,133.28,135.16,133.17,134.13,,,,
6/11/2020,47.81,47.92,45.46,45.54,134.22,135.14,127.46,127.84,,,,
6/12/2020,46.21,46.25,45.01,45.6,129.15,129.93,127.43,129,,,,
6/15/2020,44.57,46.45,44.47,46.3,128.29,130.96,126.53,130.48,,,,
6/16/2020,47.56,47.685,46.19,46.77,132.68,133.06,130.12,131.67,,,,
6/17/2020,46.78,47.06,46.44,46.58,131.89,133.04,131.49,131.76,,,,
6/18/2020,46.3,47.04,46.07,46.99,131.42,133.13,130.63,132.78,,,,
6/19/2020,47.77,47.79,46.02,46.02,134.41,134.82,131.22,131.28,,,,
6/22/2020,46.03,46.15,45.38,45.74,130.55,131.76,129.95,131.05,,,,
6/23/2020,46,46.29,45.58,45.64,131.62,132.68,130.98,131.36,,,,
6/24/2020,45.37,45.44,44.5,44.65,130.52,131.07,128.68,129.56,,,,
6/25/2020,44.47,44.98,44.03,44.93,129.14,131.73,128.05,131.41,,,,
6/26/2020,44.92,45.01,43.51,43.57,131.68,132.37,128.06,128.93,,,,
6/29/2020,44,44.57,43.55,44.36,130.18,131.4,129.43,131.08,,,,
6/30/2020,44.25,44.83,44.04,44.68,131.83,132.82,130.855,132.26,,,,
7/1/2020,44.93,45.53,44.71,44.82,132.53,133.62,131.94,132.36,,,,
7/2/2020,45.29,45.43,44.8,44.88,133.54,134.17,132.54,132.85,,,,
7/6/2020,45.14,45.27,44.605,45.23,133.08,133.95,132.31,133.3,,,,
7/7/2020,45,45.495,44.8,45.21,132.27,134.62,132.17,133.57,,,,
7/8/2020,45.14,45.18,44.47,45.07,134.16,134.69,133.16,134.22,,,,
7/9/2020,45.05,45.05,43.825,43.91,132.9,133.94,131.7272,132.71,,,,
7/10/2020,43.88,45.25,43.86,45.15,132.37,134.89,131.2835,134.46,,,,
7/13/2020,45.53,45.675,44.96,45.25,136.77,138.07,134.47,134.91,,,,
7/14/2020,44.91,45.94,44.6711,45.87,134.59,136.9515,134.25,135.52,,,,
7/15/2020,46.3,47.19,46.2,46.4,135.35,136.19,133.25,133.69,,,,
7/16/2020,46.26,46.69,45.94,46.15,134.0556,134.36,133.05,133.88,,,,
7/17/2020,46.47,46.91,46.125,46.82,134.65,135.06,133.55,134.66,,,,
7/20/2020,46.72,46.83,45.85,46.12,134.6136,134.6136,132.18,133.11,,,,
7/21/2020,47.52,47.99,46.931,47.2,134.0045,136.41,133.79,134.43,,,,
7/22/2020,47.93,48.515,47.03,48.48,135.56,136.25,133.68,136.01,,,,
7/23/2020,48.47,48.5682,48.03,48.28,136.59,137.25,135.49,137.08,,,,
7/24/2020,48.4,48.8,48.07,48.49,136.99,138.64,135.39,136.06,,,,
7/27/2020,48.18,48.51,48.18,48.48,135.53,137.76,134.85,137.67,,,,
7/28/2020,48.34,49.28,48.1,48.18,137.98,138.59,137.09,137.38,,,,
7/29/2020,48.14,48.5,47.82,48.02,137.38,139,137.04,137.93,,,,
7/30/2020,47.67,48.23,47.2,47.69,137.24,138.22,136.48,137.69,,,,
7/31/2020,47.44,47.77,46.73,47.24,137.26,137.7,135.2,137.66,,,,
8/3/2020,47.14,47.36,46.23,46.3,137.11,137.5,136,136.7,,,,
8/4/2020,46.29,46.86,46.22,46.69,137.52,137.59,136.02,137.47,,,,
8/5/2020,46.9,47.265,46.81,47.22,138.15,138.15,135.77,136.25,,,,
8/6/2020,46.66,47.53,46.6,47.48,135.2735,136.29,135.2735,135.86,,,,
8/7/2020,47.47,48.08,47.21,47.8,135.94,136.76,135.37,136.74,,,,
8/10/2020,48.06,48.275,47.66,47.72,136.32,136.88,135.38,135.98,,,,
8/11/2020,48.46,48.6527,47.7,47.93,136.97,137.45,134.62,135.12,,,,
8/12/2020,48.3,48.69,48.12,48.43,135.34,138.68,135.25,137.8,,,,
8/13/2020,48.26,48.73,48.06,48.38,137.1,138.61,137.1,138.1,,,,
8/14/2020,48.34,48.69,48.03,48.45,138.11,138.172,137.2,137.56,,,,
8/17/2020,48.32,48.75,48.2,48.21,137.5,138.89,137.05,137.92,,,,
8/18/2020,48.2,48.5,47.96,48.42,138.61,138.61,137.04,138.11,,,,
8/19/2020,48.12,48.38,47.22,47.37,138.69,138.795,136.1,136.45,,,,
8/20/2020,47.27,47.6,47.0923,47.35,135.66,137.15,135.63,136.72,,,,
8/21/2020,47.34,47.495,46.97,47.28,136.37,136.66,135.25,136.46,,,,
8/24/2020,47.43,47.98,47.175,47.97,136.46,137.68,136.11,137.64,,,,
8/25/2020,48,48.05,47.65,47.91,138.26,138.38,136.7,137.3,,,,
8/26/2020,47.76,48.18,47.47,48.16,136.5753,138.66,136.38,138.47,,,,
8/27/2020,48.25,48.82,48.2,48.23,138.71,139.9284,137.91,138.4,,,,
8/28/2020,48.75,49.85,48.53,49.83,138.52,139.96,137.24,139.94,,,,
8/31/2020,49.8,50.07,49.35,49.53,139.32,141.02,139,140.06,,,,
9/1/2020,49.31,49.35,48.83,49.12,140.25,140.48,138.505,139.19,,,,
9/2/2020,49.36,51.36,49.36,51.19,139.52,143.82,139.35,143.29,,,,
9/3/2020,51.4,52.1378,50.1,50.48,142.7663,144.035,138.12,139.37,,,,
9/4/2020,50.94,51.465,50.28,51.04,139.66,140.31,136.94,138.76,,,,
9/8/2020,50.93,51.04,49.36,49.81,138.31,138.6295,134.41,135.55,,,,
9/9/2020,49.6,50.755,49.55,50.19,135.5,138.46,135.4,137.11,,,,
9/10/2020,50.35,50.675,49.95,50,136.6,137.55,133.88,134.76,,,,
9/11/2020,50.4,51.2,50.1,51.06,135.22,136.38,134.23,135.81,,,,
9/14/2020,50.97,51.23,50.57,50.71,136.5275,137.5,135.8,136.67,,,,
9/15/2020,51,51.38,50.84,51.05,136.48,137.24,135.41,135.62,,,,
9/16/2020,50.95,51.4462,50.74,50.79,136.28,136.6,134.78,134.98,,,,
9/17/2020,50.22,50.63,49.94,50.55,133.39,134.55,131.69,133.2,,,,
9/18/2020,50.75,51.155,50.21,50.45,133.71,134.79,130.01,131.47,,,,
9/21/2020,49.75,50.02,48.605,49.09,130.37,131.31,129.36,131.24,,,,
9/22/2020,49.11,50.035,49.07,49.66,131,132.89,130.445,132.15,,,,
9/23/2020,49.73,49.92,48.17,48.21,132.7,132.82,129.85,131,,,,
9/24/2020,48.21,49.1,47.56,48.7,131.437,132.31,129.92,131.58,,,,
9/25/2020,48.2,48.76,47.98,48.72,130.89,133.83,130.515,133.55,,,,
9/28/2020,49.31,49.71,49.14,49.28,136.04,138.58,135.67,137.97,,,,
9/29/2020,49.39,49.555,48.91,48.92,138.66,139.54,137.13,137.16,,,,
9/30/2020,49.27,49.62,48.8916,49.37,137.99,139.19,136.9,138.6,,,,
10/1/2020,49.44,49.6577,48.59,49.18,139.44,140.85,137.4866,140.8,,,,
10/2/2020,48.76,49.58,48.55,49.36,139.28,139.91,136.2,138.06,,,,
10/5/2020,49.43,49.55,49.12,49.38,138.11,138.38,136.98,137.93,,,,
10/6/2020,49.55,49.725,48.83,48.94,138,138.82,135.15,135.7,,,,
10/7/2020,49.02,49.76,48.95,49.56,135.94,137.52,135.76,137.01,,,,
10/8/2020,49.71,50.54,49.535,50.46,137.28,138.13,136.76,137.85,,,,
10/9/2020,50.67,51.23,50.6,50.81,138.7,139.26,137.895,138.44,,,,
10/12/2020,50.84,51.525,50.83,51.09,141.12,143.49,139.78,142.13,,,,
10/13/2020,50.99,50.99,49.9,50.22,142.22,144,141.91,143.54,,,,
10/14/2020,50.05,50.49,49.65,50.12,143.55,144.11,141.625,142.52,,,,
10/15/2020,49.4,50.13,49.3,49.99,141.16,141.97,140.62,141.43,,,,
10/16/2020,49.99,50.35,49.87,50.03,141.75,142.82,141.13,141.73,,,,
10/19/2020,50.03,50.48,49.46,49.62,141.34,142.53,139.25,139.68,,,,
10/20/2020,49.89,50.62,49.79,50.25,141,141.215,139.4072,139.71,,,,
10/21/2020,49.96,50.43,49.77,49.99,139.6829,140.48,139.1,139.6,,,,
10/22/2020,51.17,51.2,50.38,50.68,139.8,140.2,139.01,139.61,,,,
10/23/2020,51,51.18,50.465,50.52,140.22,140.53,139.04,139.56,,,,
10/26/2020,50.34,50.51,49.2,49.8,138.74,139.08,136.41,138.06,,,,
10/27/2020,49.81,50.285,49.5533,49.9,138.571,139.89,138.3,139.12,,,,
10/28/2020,49,49.15,47.78,47.96,137.1506,137.71,133.94,134.17,,,,
10/29/2020,47.73,48.475,47.3,48.02,133.755,135.63,132.2621,133.99,,,,
10/30/2020,47.81,48.1216,47.365,48.06,132.93,133.84,131.71,133.29,,,,
11/2/2020,48.75,48.95,48.24,48.62,135.61,136.23,133.78,135.15,,,,
11/3/2020,49.22,49.96,49,49.35,136.62,138.6,136.28,137.04,,,,
11/4/2020,49.43,50.21,49.08,49.17,139,141.7,137.66,137.86,,,,
11/5/2020,49.76,50.21,49.34,49.44,139.3548,140.27,137.47,138.05,,,,
11/6/2020,49.65,49.99,49.25,49.45,138.56,139.77,137.33,138.38,,,,
11/9/2020,52.5,53.26,52.07,52.57,142,143.6499,138.17,138.45,,,,
11/10/2020,52.57,54.28,52.45,53.98,136.99,142.44,136.1935,141.72,,,,
11/11/2020,53.93,54.3,53.33,53.58,142.8555,144.24,141.61,143.9,,,,
11/12/2020,53.05,53.21,52.605,53.01,144.25,144.74,142.76,143.84,,,,
11/13/2020,53.25,53.5,52.8901,53.45,143.77,144.89,143.27,144.71,,,,
11/16/2020,54.5,54.62,53.28,53.85,145,146.26,144.69,145.76,,,,
11/17/2020,53.66,53.75,53.025,53.68,144.27,146.1,144.11,145.24,,,,
11/18/2020,53.75,54.02,52.56,52.61,145.49,146.565,143.3,143.38,,,,
11/19/2020,52.49,53.23,51.95,53.13,142.88,143.7,142.34,143.32,,,,
11/20/2020,53.19,53.25,52.59,52.67,143.65,144.6366,143,143.42,,,,
11/23/2020,52.95,53.17,52.2,52.68,143.31,143.65,141.88,143.02,,,,
11/24/2020,53.14,53.59,53.02,53.22,143.19,144.36,142.82,144.03,,,,
11/25/2020,53.07,53.28,52.79,52.93,144.45,144.9224,143.7,144.16,,,,
11/27/2020,53.11,53.19,52.61,52.7,144.62,145.28,144.18,144.6,,,,
11/30/2020,52.09,52.19,51.08,51.6,144.46,144.63,142.88,144.23,,,,
12/1/2020,52.14,52.33,51.785,52.04,145.03,146.63,144.5,146.07,,,,
12/2/2020,51.9,52.13,51.635,52.11,145.88,146.94,143.89,144.62,,,,
12/3/2020,51.9,52.94,51.9,52.78,143.02,144.96,143.02,144.45,,,,
12/4/2020,52.78,53.87,52.76,53.85,143.87,145.98,143.855,145.85,,,,
12/7/2020,53.76,53.78,52.7,52.99,145.68,146.56,144.62,145.37,,,,
12/8/2020,52.94,53.48,52.785,53.18,145.33,146.16,144.2903,145.52,,,,
12/9/2020,53.37,53.6,53,53.33,145.56,146.1,144.275,145.69,,,,
12/10/2020,53.4,53.51,52.98,53.05,146.04,146.29,144.42,144.67,,,,
12/11/2020,52.8,53.54,52.78,53.35,143.63,145.1,143.41,144.97,,,,
12/14/2020,53.65,53.84,53.18,53.27,145.25,146.47,144.05,144.23,,,,
12/15/2020,53.79,54.22,53.595,53.84,144.56,145.27,143.89,144.77,,,,
12/16/2020,53.6,53.8,52.94,53.06,143.98,145.4699,143.9,144.89,,,,
12/17/2020,53.3,53.71,53.15,53.27,145.25,146.2,145.18,145.71,,,,
12/18/2020,53.08,53.84,52.62,53.74,146.33,147.1,145.495,146.93,,,,
12/21/2020,52.68,53,51.98,52.81,145,145.66,143.47,145.4,,,,
12/22/2020,52.81,53.18,52.39,52.76,144.6,145,143.475,144.02,,,,
12/23/2020,52.95,53.3861,52.94,53.08,144.49,145.6,144.074,144.41,,,,
12/24/2020,53.02,53.55,53.02,53.44,144.83,145.11,144.14,145.06,,,,
12/28/2020,53.85,54.435,53.73,54.16,145.776,147.6,145.54,146.91,,,,
12/29/2020,54.45,54.49,54.02,54.13,147.68,148.77,146.84,147.42,,,,
12/30/2020,54.05,54.63,54.03,54.44,147.47,147.9899,147.01,147.31,,,,
12/31/2020,54.45,54.93,54.27,54.84,147.48,148.46,146.64,148.3,,,,
1/4/2021,54.27,54.63,52.03,52.76,147.01,147.78,141.94,144.27,,,,
1/5/2021,52.33,52.62,52.03,52.18,144.07,145.18,142.9,144.7,,,,
1/6/2021,51.97,52.02,50.1879,50.52,141.67,143.6,141.59,142.93,,,,
1/7/2021,50.09,50.255,49.52,49.96,142.81,143.145,141.145,142.47,,,,
1/8/2021,50.03,51.125,49.84,51.08,142.47,144.4,141.66,144.18,,,,
1/11/2021,50.62,50.86,49.95,50.2,144.03,144.31,141.69,142.09,,,,
1/12/2021,50.04,50.3684,49.76,50.11,141.63,141.995,139.445,141.43,,,,
1/13/2021,49.98,50.36,49.9533,50.16,141.12,143.24,141,142.59,,,,
1/14/2021,50.16,50.18,49.22,49.23,141.48,142.44,141.07,141.76,,,,
1/15/2021,49.155,49.1799,48.53,48.7,141.45,142.6,140.53,141.39,,,,
1/19/2021,48.74,49.04,48.24,48.51,142.375,142.58,141.44,142.06,,,,
1/20/2021,48.54,48.82,48.31,48.68,141.04,141.78,139.92,141.33,,,,
1/21/2021,48.78,49.09,48.46,48.95,140.29,140.79,138.74,139.61,,,,
1/22/2021,48.81,48.94,48.49,48.49,139.5,139.54,138.23,138.59,,,,
1/25/2021,48.42,48.84,48.24,48.78,138.0637,140.33,137.58,140.18,,,,
1/26/2021,48.91,49.4,48.61,49.29,141.31,142.085,139.75,141.8,,,,
1/27/2021,48.89,49.32,48.23,48.53,140.505,142.33,137.55,138.04,,,,
1/28/2021,48.69,49.5,48.61,49.15,138.83,140.79,137.76,139.19,,,,
1/29/2021,49.03,49.12,48.11,48.15,138.1135,138.46,136.015,136.57,,,,
2/1/2021,48.27,48.69,48.18,48.48,136.98,137.96,135.9001,136.98,,,,
2/2/2021,48.8,49.35,48.63,48.96,137.45,139.525,136.6,138.38,,,,
2/3/2021,48.95,49.0883,48.67,48.77,137.75,138.95,137.07,138.02,,,,
2/4/2021,48.96,49.07,48.65,49.01,137.75,139.76,137.75,139.68,,,,
2/5/2021,49.5,49.78,49.27,49.65,140.49,142.12,140.09,140.96,,,,
2/8/2021,49.96,50.17,49.49,49.92,141.19,141.81,139.5,140.4,,,,
2/9/2021,49.85,50.02,49.63,49.7,141.13,141.15,139.49,139.6,,,,
2/10/2021,50.41,50.58,49.53,49.6,141.12,141.12,136.76,137.7,,,,
2/11/2021,49.81,50.59,49.8,50.3,137.85,138.205,134.34,134.97,,,,
2/12/2021,50.57,50.8481,50.39,50.69,135.26,135.6,133.45,133.87,,,,
2/16/2021,50.62,50.72,50.16,50.27,134.5605,134.81,133.4,134.38,,,,
2/17/2021,50,50.485,49.885,50.13,134.06,135.07,133.8601,134.46,,,,
2/18/2021,50.16,50.845,50.0316,50.77,134.07,135.7,133.91,135.37,,,,
2/19/2021,50.79,50.825,49.97,50.11,135.01,135.12,132.285,132.51,,,,
2/22/2021,49.85,50.88,49.67,50.63,132.04,132.595,130.76,131.99,,,,
2/23/2021,51,51.51,50.42,50.54,132.65,134.34,131.3,132.78,,,,
2/24/2021,50.39,50.9,50.13,50.71,131.85,132.29,131.2,132.09,,,,
2/25/2021,50.47,50.745,49.98,50.17,131.35,132.09,129.8,130,,,,
2/26/2021,50.2,50.21,48.97,48.99,130.57,130.87,128.57,129.19,,,,
3/1/2021,49.44,50.44,49.4,49.9,130.61,131.9699,130.34,130.62,,,,
3/2/2021,49.84,50.56,49.7,50.1,130.5,132.03,130.38,131.07,,,,
3/3/2021,49.72,50.56,49.71,49.98,129.802,130.53,128.98,129.14,,,,
3/4/2021,50.31,51.09,49.62,49.94,129.25,131.75,128.32,128.83,,,,
3/5/2021,50.05,50.95,49.9,50.79,129.64,133.41,129.19,133.03,,,,
3/8/2021,51.47,52.49,51.16,51.64,133.23,134.18,131.99,132.13,,,,
3/9/2021,51.72,51.88,50.82,50.86,132.94,133.91,132,132.25,,,,
3/10/2021,51.18,51.63,50.715,51.44,132.5226,134.47,130.54,133.58,,,,
3/11/2021,51.41,51.43,50.81,50.88,133.345,134.58,133.1,133.22,,,,
3/12/2021,50.59,50.679,50.2,50.36,133.12,133.79,132.64,133.04,,,,
3/15/2021,50.5,51.12,50.47,51.03,133.56,133.63,131.97,133.03,,,,
3/16/2021,51.2,51.52,51.04,51.22,133.08,134.58,132.75,134.01,,,,
3/17/2021,51.25,51.62,51.15,51.24,134.36,134.56,133.38,133.62,,,,
3/18/2021,51.06,51.19,50.485,50.57,132.36,133.08,131.41,132.53,,,,
3/19/2021,50.46,51.08,50.17,50.81,132.31,135.01,132.18,134.5,,,,
3/22/2021,50.32,51.08,50.32,51,135.63,138.2,135.09,137.8,,,,
3/23/2021,50.99,51.65,50.825,51.39,138.45,140.17,138.18,139.46,,,,
3/24/2021,51.17,51.89,51.15,51.52,139.01,140.11,138.78,138.81,,,,
3/25/2021,51.7,52.06,51.17,52.02,139.18,140.25,138.34,139.63,,,,
3/26/2021,52.14,53.11,51.76,53.04,139.62,143,139.13,142.7,,,,
3/29/2021,52.73,53.94,52.71,53.85,142.87,144.96,142.415,144.81,,,,
3/30/2021,53.75,53.79,52.925,53.15,143.68,144.75,142.12,142.54,,,,
3/31/2021,53.03,53.17,52.5,52.71,143.32,143.33,141.17,141.45,,,,
4/1/2021,52.96,53.15,52.455,52.51,141.19,142.3,140.11,141.28,,,,
4/5/2021,52.35,53.215,52.29,52.81,141.85,144.34,141.32,143.16,,,,
4/6/2021,53.04,53.65,52.9,53.19,143.04,144.2,142.56,143.67,,,,
4/7/2021,53.28,53.5,53.12,53.28,144,144.1,143.02,143.41,,,,
4/8/2021,53.17,53.38,52.97,53.12,143.68,144.16,142.05,142.54,,,,
4/9/2021,53.17,53.28,52.81,53.18,142.235,143.14,141.61,142.57,,,,
4/12/2021,53.33,53.55,53.095,53.35,142.2,143.47,142.05,143.02,,,,
4/13/2021,53.04,53.285,52.81,53.09,142.07,143.97,141.87,143.05,,,,
4/14/2021,52.98,53.19,52.645,53.08,142.57,142.72,141.24,142.11,,,,
4/15/2021,53.13,53.66,53.12,53.33,141.67,143.1,141.42,142.31,,,,
4/16/2021,53.74,53.8,53.375,53.68,143.46,144.32,142.46,144.16,,,,
4/19/2021,54,54.3582,53.3,54,144.49,145.6,143.26,144.75,,,,
4/20/2021,53.84,54.59,53.81,54.17,144.13,146.65,143.93,145.71,,,,
4/21/2021,54.24,54.74,54.24,54.61,147.345,147.8,146.21,146.98,,,,
4/22/2021,54.47,54.865,54.315,54.44,146.24,146.6509,145.38,146.07,,,,
4/23/2021,54.4,54.59,54.17,54.47,145.51,146.34,145.06,145.83,,,,
4/26/2021,54.47,54.51,53.58,53.66,145.55,145.77,142.98,143.36,,,,
4/27/2021,53.56,53.7,53.32,53.58,142.62,143.18,142.125,142.89,,,,
4/28/2021,53.98,54.047,53.435,53.59,143.49,143.69,141.725,141.83,,,,
4/29/2021,53.54,54.36,53.43,54.26,142.1,144.43,141.97,143.94,,,,
4/30/2021,54.25,54.27,53.69,53.98,143.32,144.24,142.5,144.16,,,,
5/3/2021,54.27,54.795,54.16,54.48,145.028,146.78,144.1,145.79,,,,
5/4/2021,54.57,54.62,53.94,54.14,145.98,146.77,143.49,143.96,,,,
5/5/2021,54.14,54.09,53.713,54,143.7153,144.57,143.5,143.89,,,,
5/6/2021,54.12,54.605,54.05,54.54,144.47,145.96,144.01,145.555,,,,
5/7/2021,54.44,54.77,54.16,54.51,145.23,146,144.57,145.56,,,,
5/10/2021,54.88,55.495,54.831,54.91,146.49,147.99,146.11,146.72,,,,
5/11/2021,55.03,55.14,54.045,54.32,147.17,147.6399,145.02,145.65,,,,
5/12/2021,54.36,54.555,53.875,54.04,144.8774,145.74,143.85,144.23,,,,
5/13/2021,53.97,54.775,53.83,54.51,144.24,147.12,143.58,146.37,,,,
5/14/2021,54.9,55.1,54.69,54.73,147.2,147.9,146.415,146.59,,,,
5/17/2021,54.84,55.02,54.5,54.64,147,147.4,145.71,146.17,,,,
5/18/2021,54.39,54.5599,54.1,54.34,146.64,146.95,145.32,145.51,,,,
5/19/2021,54.12,54.18,53.61,54.17,144.64,145.63,144.08,145.43,,,,
5/20/2021,54.12,54.8,54.12,54.65,145.25,147.7299,145.11,147.23,,,,
5/21/2021,54.8,55.115,54.22,54.62,147.8734,148.31,146.52,147.1,,,,
5/24/2021,54.63,54.93,54.49,54.8,147.64,148.35,147.01,147.85,,,,
5/25/2021,54.82,54.82,54.345,54.79,147.85,148.37,147.01,148.3,,,,
5/26/2021,54.98,55.05,54.59,55.03,147.91,148.67,147.68,148.3,,,,
5/27/2021,55.21,55.57,54.775,55.49,148.56,148.77,146.44,146.51,,,,
5/28/2021,55.35,55.71,55.2,55.29,147.41,148.5,147.235,147.94,,,,
6/1/2021,55.34,55.65,55.095,55.28,148.78,148.85,147.09,147.63,,,,
6/2/2021,55.5,55.56,55.26,55.5,148.2,148.53,147.23,148.22,,,,
6/3/2021,55.18,55.74,55.1,55.64,146.71,147.76,146.16,147.67,,,,
6/4/2021,55.9,56.48,55.78,56.24,148,148.59,147.47,147.84,,,,
6/7/2021,56.31,56.34,55.81,56.04,147.76,148.2499,146.71,147.75,,,,
6/8/2021,56.25,56.25,55.545,55.65,147.7,147.87,145.915,146.37,,,,
6/9/2021,55.75,55.92,55.48,55.48,147.25,147.59,146.02,146.1,,,,
6/10/2021,55.91,56.12,55.76,55.91,146.31,148.015,146.13,147.6,,,,
6/11/2021,55.99,56.21,55.655,56.16,148.05,148.12,146.79,147.69,,,,
6/14/2021,55.69,55.71,55.2,55.55,147.47,148.63,146.79,148.57,,,,
6/15/2021,55.78,55.79,55.19,55.41,148.9,149.17,148.075,148.58,,,,
6/16/2021,55.44,55.46,54.64,54.67,148.86,149.27,146.75,147.1,,,,
6/17/2021,54.67,55.15,54.645,54.95,147.25,149,146.91,148.52,,,,
6/18/2021,54.51,54.62,53.72,53.77,147.98,147.98,145.23,145.42,,,,
6/21/2021,54.22,54.43,54,54.36,145.7527,146.74,145.45,146.56,,,,
6/22/2021,54.34,54.85,54.255,54.56,146.73,147.5032,146.285,146.78,,,,
6/23/2021,54.56,54.6,54.11,54.12,146.06,146.125,144.83,144.85,,,,
6/24/2021,54.26,54.415,54,54.39,144.86,145.94,144.61,145.67,,,,
6/25/2021,54.24,54.47,54.01,54.32,145.76,146.79,145.239,146.41,,,,
6/28/2021,54.25,54.37,54,54.26,146.76,147.5901,146.62,147.04,,,,
6/29/2021,54.13,54.34,53.72,53.86,147.445,147.7,146.4,146.94,,,,
6/30/2021,53.8,54.18,53.75,54.11,147.43,148.31,147.2,148.17,,,,
7/1/2021,54.34,54.48,53.855,53.96,148.08,149.08,147.935,148.2,,,,
7/2/2021,54,54.45,54,54.18,148.9,149.78,148.56,148.91,,,,
7/6/2021,53.99,54.09,53.55,53.88,149.07,149.415,147.77,149.13,,,,
7/7/2021,53.72,54.375,53.72,54.32,149.29,150.695,149,149.79,,,,
7/8/2021,54.01,54.165,53.735,54.13,149.42,150.67,149.19,149.86,,,,
7/9/2021,54.25,54.52,54.18,54.46,149.41,150.31,149.17,149.48,,,,
7/12/2021,54.32,54.595,54.27,54.48,149.49,149.795,148.78,149.51,,,,
7/13/2021,54.95,55.295,54.75,55.02,151.15,153.9116,150.75,152.96,,,,
7/14/2021,55.02,56.3499,54.96,56.26,152.89,155.14,152.8,154.54,,,,
7/15/2021,56.24,56.47,55.91,56.44,154.07,155.36,153.26,155.25,,,,
7/16/2021,56.46,56.68,56.26,56.4,155.68,156.835,155.11,155.82,,,,
7/19/2021,56.08,56.35,55.16,55.73,155.99,157.54,154.76,155.8,,,,
7/20/2021,55.73,56.3299,55.52,55.83,156.2,157.33,155.56,155.82,,,,
7/21/2021,57.33,57.56,56.425,56.55,155.3,156.12,154.575,155.24,,,,
7/22/2021,56.62,56.74,56.05,56.47,155.19,155.76,153.972,155.19,,,,
7/23/2021,56.59,57.33,56.45,57.01,155.56,157.79,155.24,157.18,,,,
7/26/2021,56.89,57.12,56.56,57.06,156.79,157.47,156.03,157.07,,,,
7/27/2021,57.11,57.54,56.92,57.26,157.31,158.66,157.03,157.94,,,,
7/28/2021,56.99,57.16,56.629,56.74,157.6,157.96,155.909,156.49,,,,
7/29/2021,57.07,57.25,56.86,57.05,157.23,157.43,156.2,156.81,,,,
7/30/2021,57.15,57.25,56.9,57.03,157.37,157.6,156.62,156.95,,,,
8/2/2021,57.2,57.24,56.705,56.88,157,157.11,155.51,156.32,,,,
8/3/2021,57,57,56.745,56.92,157,157.15,156.31,156.67,,,,
8/4/2021,56.75,56.95,56.0101,56.1,156.19,156.66,153.87,154.05,,,,
8/5/2021,56.44,56.59,56.29,56.5,154.98,155.19,153.87,154.31,,,,
8/6/2021,56.6,56.74,56.44,56.64,153.77,154.76,153.64,154.33,,,,
8/9/2021,56.795,56.88,56.4308,56.65,154.64,154.79,153.71,154.35,,,,
8/10/2021,56.84,57.17,56.655,56.8,154.31,155.31,153.81,154.43,,,,
8/11/2021,56.89,57.18,56.71,56.73,154.71,156.02,154.47,155.04,,,,
8/12/2021,56.73,56.98,56.73,56.84,155.23,155.3,154.6,155.07,,,,
8/13/2021,56.81,57.3,56.771,57.23,155.1,156.67,154.9,156.52,,,,
8/16/2021,57.2,57.49,57.03,57.48,156.93,158.12,156.7301,158.05,,,,
8/17/2021,57.46,57.555,57.01,57.28,157.9091,158.45,157.24,157.9,,,,
8/18/2021,57.19,57.23,56.42,56.5,157.68,158.2,156.2,156.28,,,,
8/19/2021,56.06,56.98,55.95,56.86,155.82,159.42,155.78,158.91,,,,
8/20/2021,56.84,57.0299,56.58,56.64,158.93,159.63,158.25,158.35,,,,
8/23/2021,56.67,56.75,56.38,56.44,157.83,158.52,157.3244,157.85,,,,
8/24/2021,56.64,56.64,55.9,56.01,157.75,157.75,155.68,155.89,,,,
8/25/2021,56.06,56.17,55.73,56.07,155.36,155.67,154.16,155.2,,,,
8/26/2021,55.95,55.98,55.51,55.54,155.51,155.67,154.09,154.63,,,,
8/27/2021,55.66,55.785,55.45,55.65,154.84,155.41,154.21,154.94,,,,
8/30/2021,55.69,56.2,55.64,56.18,155.18,156.17,155.01,156,,,,
8/31/2021,56.16,56.515,56,56.31,156.09,156.47,155.34,156.39,,,,
9/1/2021,56.38,56.8,56.28,56.69,156.84,158.19,156.51,157.91,,,,
9/2/2021,56.77,57.03,56.41,56.77,156.79,157.29,155.87,156.95,,,,
9/3/2021,56.46,56.765,56.245,56.73,156.2,157.42,155.9,157.09,,,,
9/7/2021,56.6,56.69,55.51,55.67,156.48,156.76,153.68,154.53,,,,
9/8/2021,55.61,56.48,55.61,56.42,154.66,156.75,154.3,156.72,,,,
9/9/2021,56.18,56.42,55.8,55.86,156.88,156.97,155.4,155.73,,,,
9/10/2021,56.01,56.13,55.515,55.61,155.98,156.25,155.01,155.46,,,,
9/13/2021,55.74,56.395,55.74,56.07,155.94,157.4,155.39,155.76,,,,
9/14/2021,55.92,55.98,55.55,55.69,156.38,156.67,154.82,155.15,,,,
9/15/2021,55.68,56,55.42,55.88,155.22,156.38,154.78,156.02,,,,
9/16/2021,55.72,55.985,54.82,55.35,155.39,156.12,153.805,155.56,,,,
9/17/2021,55.02,55.194,54.37,54.44,155.23,155.5,153.83,154.13,,,,
9/20/2021,54.11,54.4,53.7273,54.06,153.9,154.95,152.42,153.61,,,,
9/21/2021,54.39,54.82,53.94,54.05,154.61,156.12,152.97,153.54,,,,
9/22/2021,54.505,54.56,54.0623,54.13,154.62,155.09,153.45,154.01,,,,
9/23/2021,54.26,54.6175,54,54.04,153.69,154.93,153.54,154.13,,,,
9/24/2021,54,54.24,53.86,53.89,153.75,154.62,153.55,154.2,,,,
9/27/2021,53.85,54.245,53.57,53.61,153.8,154.15,152.39,152.72,,,,
9/28/2021,53.46,53.46,52.43,52.64,152.3696,152.5,150.1,151.05,,,,
9/29/2021,52.64,53.155,52.56,52.96,151.34,153.17,150.69,152.3,,,,
9/30/2021,53.17,53.325,52.43,52.47,153.22,153.43,150.37,150.41,,,,
10/1/2021,52.78,53.2,52.5707,53.02,151.35,151.61,149.52,150.95,,,,
10/4/2021,53.06,53.525,52.4,52.99,150.88,153,149.48,150.2,,,,
10/5/2021,53.02,53.47,52.93,53.08,151.3579,152.39,150.07,151.09,,,,
10/6/2021,52.77,53.765,52.51,53.71,150.84,155.16,149.96,154.96,,,,
10/7/2021,53.99,54.28,53.81,53.88,155.52,157.75,155.52,156.39,,,,
10/8/2021,54,54.39,53.895,54.12,156.57,156.71,155.49,156.03,,,,
10/11/2021,54.21,54.39,54.01,54.23,156.39,157.23,155.66,156.24,,,,
10/12/2021,54.42,54.83,54.22,54.23,156.22,157.85,156.21,156.93,,,,
10/13/2021,54.17,54.43,53.79,54.24,157.46,158.05,156.02,157.99,,,,
10/14/2021,54.39,54.805,54.31,54.61,158.62,159.49,158.61,159.26,,,,
10/15/2021,54.64,54.88,54.285,54.48,159.66,159.66,157.51,158.81,,,,
10/18/2021,54.35,54.39,53.86,53.94,158.202,158.7,156.8,158.09,,,,
10/19/2021,54.04,54.2,53.77,54.15,158.64,160.16,157.54,160.1,,,,
10/20/2021,54.18,54.76,54.11,54.63,160.58,161.88,159.68,161.31,,,,
10/21/2021,54.6,54.67,54.21,54.35,161.39,161.43,158.98,159.18,,,,
10/22/2021,54.39,54.53,54.07,54.45,159.58,160.47,159.47,159.97,,,,
10/25/2021,54.38,54.47,54.015,54.23,159.95,159.95,158.79,159.22,,,,
10/26/2021,54.32,54.58,54.2345,54.47,159.17,161.4,159.1,161.17,,,,
10/27/2021,55.97,56.08,55.265,55.52,161.75,161.84,159.56,160.61,,,,
10/28/2021,55.75,56.11,55.62,56.04,160.85,161.73,160.465,161.62,,,,
10/29/2021,55.87,56.465,55.78,56.37,161.03,162.26,160.905,161.6,,,,
11/1/2021,56.39,56.4,55.9,56.17,161.2,161.5,160.18,161.26,,,,
11/2/2021,56.47,56.5,55.965,56.1,161.55,162.81,160.94,162.74,,,,
11/3/2021,56,56.33,55.775,56.29,162.15,164.39,162.15,164.3,,,,
11/4/2021,56.11,56.63,56.03,56.6,164.22,164.56,163.35,164.31,,,,
11/5/2021,56.84,57.16,56.59,56.84,165.55,166.43,164.52,166,,,,
11/8/2021,56.75,56.89,56.13,56.33,165.81,166.1,161.1546,162.43,,,,
11/9/2021,56.41,56.52,56.09,56.49,162.31,163.86,162,163.51,,,,
11/10/2021,56.54,56.92,56.29,56.72,164.74,165,163.025,164.04,,,,
11/11/2021,56.825,56.88,56.57,56.74,163.97,163.98,162.55,162.69,,,,
11/12/2021,56.75,56.985,56.545,56.61,163.01,163.93,162.08,162.65,,,,
11/15/2021,56.53,56.68,56.27,56.62,162.51,163.88,162.49,163.8,,,,
11/16/2021,56.62,56.935,56.185,56.22,164.27,164.99,163.23,163.31,,,,
11/17/2021,56.04,56.05,55.65,55.91,162.62,163.671,162.08,163.37,,,,
11/18/2021,55.83,55.93,55.14,55.41,162.81,163.52,161.7501,163.42,,,,
11/19/2021,55.44,55.485,54.9047,55.13,164.5,165.0269,163.44,163.81,,,,
11/22/2021,55.1,56.02,55.08,55.47,163.2028,166.8,163.18,164.15,,,,
11/23/2021,55.66,56.1064,55.5,55.88,163.56,165.72,163.3079,165.25,,,,
11/24/2021,55.71,55.835,55.03,55.43,165.088,165.5,162.58,163.74,,,,
11/26/2021,54.59,54.75,53.58,53.73,162.71,163.66,160.89,161.14,,,,
11/29/2021,54.045,54.73,53.93,54.58,162.67,164.58,161.14,164.14,,,,
11/30/2021,53.6,53.625,52.44,52.45,163.83,164,158.39,159.78,,,,
12/1/2021,52.98,53.52,52.28,52.3,162.47,163.25,160.05,160.16,,,,
12/2/2021,52.6,53.34,52.505,53.07,160.1324,161.69,159.83,160.62,,,,
12/3/2021,53.33,53.61,52.98,53.54,161.47,164.88,161.34,164.71,,,,
12/6/2021,54.31,55.25,54.14,54.91,166.05,167.29,165.79,166.42,,,,
12/7/2021,55.02,55.415,54.85,55.21,166.42,166.96,165.66,166.23,,,,
12/8/2021,55.12,55.35,54.36,55,166.14,166.69,164.03,166.52,,,,
12/9/2021,54.75,55.13,54.585,54.86,165.92,166.88,164.85,166.31,,,,
12/10/2021,55.25,56.32,55.07,56.28,167.54,169.12,166.9,168.97,,,,
12/13/2021,56.98,57.93,56.955,57.76,168.93,171.255,168.05,169.81,,,,
12/14/2021,57.4,58.17,57.4,57.8,169.35,170.39,168.3,169.39,,,,
12/15/2021,57.93,58.25,57.65,58.06,169.77,171.78,169.46,171.57,,,,
12/16/2021,57.98,58.88,57.9,58.65,171.57,173.56,171.02,171.82,,,,
12/17/2021,58.49,58.92,57.7,57.73,171.11,172.38,168.05,168.3,,,,
12/20/2021,57.2,57.78,57,57.54,167.1583,169.5,166.75,169.42,,,,
12/21/2021,57.61,57.965,57.53,57.77,169.23,169.6025,167.775,168.92,,,,
12/22/2021,57.71,58.19,57.49,58.18,168.96,169.99,168.27,169.97,,,,
12/23/2021,58.52,58.61,57.94,58.22,169.9781,170.63,169.25,169.78,,,,
12/27/2021,58,58.69,58,58.65,169.985,171.56,169.765,171.47,,,,
12/28/2021,58.4,58.94,58.3,58.88,171.46,172.79,171.2,172.36,,,,
12/29/2021,58.95,59.095,58.66,58.95,172.79,173.46,171.93,172.97,,,,
12/30/2021,59.06,59.23,58.76,58.78,173.54,173.62,172.23,172.67,,,,
12/31/2021,58.75,59.35,58.695,59.21,172.46,174.015,172.11,173.71,,,,
1/3/2022,58.82,59.31,58.375,59.3,172.2,173.19,170.565,172.98,,,,
1/4/2022,59.73,60.535,59.59,60.29,172.66,174.45,172.2,173.23,,,,
1/5/2022,60.09,61.195,60.05,60.79,173.355,175.36,173.23,173.82,,,,
1/6/2022,60.465,61.115,60.435,60.47,173.91,175.6,173.2275,173.86,,,,
1/7/2022,60.275,60.72,60.06,60.33,174.09,174.69,172.61,174.08,,,,
1/10/2022,60.55,60.82,60.18,60.43,174.4362,175.84,173.62,174.17,,,,
1/11/2022,60.43,60.49,59.84,60.45,173.6841,174.23,171.62,174.09,,,,
1/12/2022,60.53,60.685,60.19,60.54,173.9,174.33,172.95,173.9,,,,
1/13/2022,60.54,61.04,60.385,60.9,173.71,174.6861,173.24,174.18,,,,
1/14/2022,60.94,61.45,60.36,61.39,174.57,175.94,173.4,175.64,,,,
1/18/2022,61.06,61.19,60.45,60.9,173.62,174.76,173.15,173.96,,,,
1/19/2022,60.66,61.18,60.555,61,173.96,175.96,173.57,175.21,,,,
1/20/2022,61,61.44,60.72,60.75,175.41,176.88,173.84,173.94,,,,
1/21/2022,61.08,61.3,60.3982,60.45,175.3266,177.24,174.11,174.22,,,,
1/24/2022,59.9,60.35,58.57,59.96,175.49,176.5,168.96,173.33,,,,
1/25/2022,59.36,60.045,58.69,59.82,172.08,172.48,169.74,171.34,,,,
1/26/2022,59.79,60.345,59.21,59.6,169.36,171.81,166.45,169.53,,,,
1/27/2022,59.88,60.925,59.5,59.65,170.78,173.28,168.78,169.37,,,,
1/28/2022,59.39,60.89,58.94,60.84,168.51,172.73,167.21,172.67,,,,
1/31/2022,60.3,61.14,60.15,61.01,170.77,174.11,170.59,173.52,,,,
2/1/2022,60.91,61.14,60.16,60.56,173.15,173.43,169.56,172.34,,,,
2/2/2022,60.62,61.27,60.56,61.18,172.76,175.64,172.57,175.47,,,,
2/3/2022,60.94,61.78,60.585,61.61,175.27,176.66,173.83,175.37,,,,
2/4/2022,61.49,61.68,60.57,60.96,173.1,174.89,171.19,172.49,,,,
2/7/2022,61.38,61.72,60.86,61.6,172.74,172.99,171.21,171.81,,,,
2/8/2022,61.83,62.325,61.74,62,172.63,172.64,170.31,172.02,,,,
2/9/2022,62.17,62.32,60.9,61.04,172.5,172.78,171.01,171.94,,,,
2/10/2022,60.36,62.3,60.2,61.38,168.655,171.45,167.3,168.37,,,,
2/11/2022,61.77,61.98,60.15,60.29,168.06,170.31,167.6901,168.58,,,,
2/14/2022,60.16,60.79,59.28,60.68,169.415,169.675,165.1,166.7,,,,
2/15/2022,60.955,61.78,60.63,60.91,167.217,168.25,165.261,165.96,,,,
2/16/2022,60.86,61.395,60.555,60.9,165.63,167.195,164.54,166.3,,,,
2/17/2022,60.55,62.275,60.405,62.12,166.01,167.9523,165,166.75,,,,
2/18/2022,62.12,62.82,61.99,62.54,167.11,168.235,166.22,167.71,,,,
2/22/2022,62.43,62.64,61.72,62.28,168.57,168.94,166.23,168.35,,,,
2/23/2022,62.24,62.33,61.34,61.59,169.12,169.12,166.52,166.69,,,,
2/24/2022,59.97,60.62,59.22,60.51,165.71,166.34,160.285,163.79,,,,
2/25/2022,60.94,62.895,60.92,62.85,164.42,168.46,164.26,168.38,,,,
2/28/2022,61.65,62.335,61.41,62.24,164.04,165.21,161.405,163.74,,,,
3/1/2022,62.14,62.75,61.51,61.97,163.07,164.4,161.3,162.27,,,,
3/2/2022,62.23,62.88,61.78,62.43,162.98,165.82,162.49,164.52,,,,
3/3/2022,62.61,63.02,62.285,62.47,163.97,165.19,162.8,163.27,,,,
3/4/2022,61.46,62.59,61.2,62.57,162,166.5,160.92,165.75,,,,
3/7/2022,62.01,62.07,60.72,61.08,164.07,165.15,162.13,162.45,,,,
3/8/2022,61.45,61.54,58.59,58.66,162.38,163.97,157.69,157.87,,,,
3/9/2022,59.82,59.84,58.66,58.96,159.81,160.06,156.4,157.4,,,,
3/10/2022,58.48,58.66,57.5,57.88,155.79,156.25,153.37,154.51,,,,
3/11/2022,57.96,58.85,57.86,57.92,155.45,156.885,153.48,153.73,,,,
3/14/2022,57.97,59.035,57.97,58.54,155.15,157.8,154.5,155.89,,,,
3/15/2022,59.08,59.89,58.98,59.62,157.32,159.5,156.83,159,,,,
3/16/2022,59.78,59.935,58.605,59.46,158.41,159.99,157.04,159.7,,,,
3/17/2022,59.46,60.135,59.23,60.09,159.83,161.63,159.3,160.94,,,,
3/18/2022,60.3,60.3,59.705,60.1,161.38,162.93,160.06,162.79,,,,
3/21/2022,60.5,61.1,60.245,60.58,162.27,163.81,161.075,162.56,,,,
3/22/2022,60.93,60.95,60.055,60.8,162.84,164.77,162.23,164.34,,,,
3/23/2022,60.75,60.98,59.995,60.4,164.248,165.275,162.63,163.48,,,,
3/24/2022,60.64,61.02,60.455,60.98,164.06,164.73,163.27,164.47,,,,
3/25/2022,61.12,61.61,61.05,61.53,164.43,165.9,164.43,165.24,,,,
3/28/2022,61.53,61.94,61.21,61.92,165.1,165.77,163.71,165.73,,,,
3/29/2022,62.21,62.53,61.74,62.16,167.29,168.58,166.37,168.19,,,,
3/30/2022,62.01,62.21,61.555,62.21,168.1,168.24,166.115,167.96,,,,
3/31/2022,62.22,62.64,62,62,168.37,169.3,167.27,167.38,,,,
4/1/2022,62.33,62.95,62.085,62.87,167.89,169.93,167.37,169.76,,,,
4/4/2022,62.6,62.785,61.72,62.54,169.11,169.39,167.45,169.32,,,,
4/5/2022,62.4,63.235,62.37,62.47,168.32,171.38,168.32,169.5,,,,
4/6/2022,62.77,63.26,62.3,63.1,169.92,172.7,169.485,172.39,,,,
4/7/2022,63.13,63.67,62.711,63.44,172.03,173.28,170.78,172.55,,,,
4/8/2022,63.48,64.04,63.16,63.83,172.99,173.69,171.59,173.13,,,,
4/11/2022,63.905,64.3,63.635,63.81,173.61,174.97,172.32,172.6,,,,
4/12/2022,64.38,64.805,63.89,64.56,173.78,174.65,172.63,173.3,,,,
4/13/2022,64.44,64.87,64.23,64.73,173.58,173.82,171.73,173,,,,
